age,gender,city,monthly_charges,tenure_months,contract_type,support_calls,signup_date,total_charges,churn
56,Male,Karachi,71.91,33,Two Year,9,2018-01-01 00:00:00.000000,2414.189705134644,0
69,Male,Lahore,39.81,24,One Year,5,2018-01-02 19:52:04.324324,989.5995455182657,0
46,Male,Peshawar,149.02,11,Month-to-Month,1,2018-01-04 15:44:08.648648,1646.984992074122,0
32,Female,Karachi,140.51,17,One Year,2,2018-01-06 11:36:12.972972,2296.950434685971,0
60,Male,Peshawar,90.19,68,One Year,5,2018-01-08 07:28:17.297297,6166.979282506206,0
25,Male,Lahore,129.46,47,Two Year,3,2018-01-10 03:20:21.621621,6109.720963549844,1
38,Male,Karachi,87.72,25,Month-to-Month,5,2018-01-11 23:12:25.945945,2213.521487659725,1
56,Female,Islamabad,101.07,21,Month-to-Month,0,2018-01-13 19:04:30.270270,2132.253703161549,0
36,Female,Lahore,31.59,12,Month-to-Month,9,2018-01-15 14:56:34.594594,335.14065558339456,1
40,Male,Islamabad,118.19,37,Month-to-Month,0,2018-01-17 10:48:38.918918,4427.178138550956,0
28,Male,Peshawar,36.6,42,One Year,2,2018-01-19 06:40:43.243243,1582.1069860408318,0
28,Male,Peshawar,127.39,17,One Year,7,2018-01-21 02:32:47.567567,2111.858861157767,1
41,Male,Lahore,121.66,48,Two Year,7,2018-01-22 22:24:51.891891,5905.3947505258875,0
53,Female,Peshawar,112.14,28,One Year,3,2018-01-24 18:16:56.216216,3146.5034717317694,0
57,Female,Islamabad,24.7,41,One Year,5,2018-01-26 14:09:00.540540,1019.1568476572586,0
41,Female,Karachi,59.41,47,Two Year,7,2018-01-28 10:01:04.864864,2783.452233179066,0
20,Female,Karachi,54.2,18,Two Year,6,2018-01-30 05:53:09.189189,971.7003301707472,0
39,Male,Karachi,66.82,71,Two Year,6,2018-02-01 01:45:13.513513,4812.764959415488,0
19,Male,Lahore,31.39,13,One Year,3,2018-02-02 21:37:17.837837,459.7237492299258,0
41,Male,Peshawar,141.8,13,One Year,8,2018-02-04 17:29:22.162162,1893.9923541819708,1
61,Female,Islamabad,91.99,31,Two Year,9,2018-02-06 13:21:26.486486,2860.918217627269,0
47,Male,Peshawar,59.72,2,Two Year,5,2018-02-08 09:13:30.810810,163.89858617671982,0
55,Female,Peshawar,71.61,16,Two Year,2,2018-02-10 05:05:35.135135,1104.0443462979713,0
19,Female,Peshawar,78.14,9,One Year,4,2018-02-12 00:57:39.459459,732.4321489249033,0
38,Male,Karachi,98.08,38,One Year,4,2018-02-13 20:49:43.783783,3719.365598401552,0
50,Male,Islamabad,87.04,54,Month-to-Month,4,2018-02-15 16:41:48.108108,4597.169750629585,0
29,Male,Islamabad,139.52,56,One Year,7,2018-02-17 12:33:52.432432,7733.814917058902,0
39,Female,Peshawar,84.61,45,One Year,8,2018-02-19 08:25:56.756756,3774.3010609955386,0
61,Male,Karachi,148.98,34,One Year,8,2018-02-21 04:18:01.081081,5086.077699217435,0
42,Female,Karachi,130.69,9,Two Year,5,2018-02-23 00:10:05.405405,,0
66,Male,Islamabad,47.11,8,One Year,5,2018-02-24 20:02:09.729729,347.32416313076453,0
44,Female,Karachi,140.98,7,Two Year,8,2018-02-26 15:54:14.054054,1025.023046093742,0
59,Female,Karachi,35.13,36,Month-to-Month,3,2018-02-28 11:46:18.378378,1236.9293940275156,1
45,Male,Karachi,126.27,18,Month-to-Month,5,2018-03-02 07:38:22.702702,2339.4003621017205,1
33,Female,Lahore,69.48,3,Two Year,3,2018-03-04 03:30:27.027027,266.6961869910067,0
32,Female,Peshawar,134.14,28,Two Year,0,2018-03-05 23:22:31.351351,3757.0140660285656,0
64,Male,Islamabad,132.85,70,Two Year,6,2018-03-07 19:14:35.675675,9337.173072582917,0
68,Female,Islamabad,124.77,44,One Year,9,2018-03-09 15:06:39.999999,5520.742022717819,0
61,Male,Lahore,122.7,21,Month-to-Month,5,2018-03-11 10:58:44.324324,2564.4167362020303,1
69,Female,Peshawar,59.61,28,Two Year,8,2018-03-13 06:50:48.648648,1712.1617331486073,0
20,Male,Islamabad,30.52,54,One Year,6,2018-03-15 02:42:52.972972,1698.5251027695263,0
54,Male,Karachi,,54,Month-to-Month,6,2018-03-16 22:34:57.297297,3861.43823846048,0
68,Female,Islamabad,42.56,65,One Year,1,2018-03-18 18:27:01.621621,,0
24,Female,Karachi,110.34,21,Month-to-Month,8,2018-03-20 14:19:05.945945,2324.265191128808,1
38,Female,Lahore,64.99,13,One Year,9,2018-03-22 10:11:10.270270,,1
26,Female,Karachi,146.83,57,Month-to-Month,8,2018-03-24 06:03:14.594594,8347.117082477534,1
56,Female,Islamabad,103.33,49,Month-to-Month,5,2018-03-26 01:55:18.918918,5033.281983361178,0
35,Male,Islamabad,126.92,54,One Year,2,2018-03-27 21:47:23.243243,6862.129983015558,0
21,Female,Islamabad,37.23,10,Two Year,0,2018-03-29 17:39:27.567567,431.3679611626786,0
42,Male,Lahore,132.06,53,Month-to-Month,3,2018-03-31 13:31:31.891891,6939.211144229504,0
31,Male,Lahore,139.96,44,Two Year,2,2018-04-02 09:23:36.216216,6106.999692333145,0
67,Female,Peshawar,83.32,47,One Year,0,2018-04-04 05:15:40.540540,3890.01475460147,0
26,Male,Islamabad,98.81,53,Two Year,2,2018-04-06 01:07:44.864864,5219.801146395923,0
43,Male,Karachi,119.43,46,Two Year,3,2018-04-07 20:59:49.189189,5405.500859878125,0
19,Male,Lahore,42.73,13,Two Year,7,2018-04-09 16:51:53.513513,630.3997643457574,0
37,Male,Islamabad,85.33,37,Two Year,8,2018-04-11 12:43:57.837837,3150.6946704325446,1
45,Female,Islamabad,71.83,24,Two Year,2,2018-04-13 08:36:02.162162,1709.9147737910016,0
64,Male,Lahore,39.03,2,Month-to-Month,5,2018-04-15 04:28:06.486486,,1
24,Female,Peshawar,67.78,14,Month-to-Month,9,2018-04-17 00:20:10.810810,984.8096747561907,1
61,Female,Lahore,28.86,10,Month-to-Month,4,2018-04-18 20:12:15.135135,261.82890613333257,1
25,Male,Lahore,23.36,35,One Year,5,2018-04-20 16:04:19.459459,825.8303922654078,0
64,Female,Karachi,37.57,25,Two Year,3,2018-04-22 11:56:23.783783,937.163143381176,0
52,Female,Karachi,145.2,3,Month-to-Month,9,2018-04-24 07:48:28.108108,508.0175428464638,1
31,Female,Peshawar,91.44,17,One Year,5,2018-04-26 03:40:32.432432,1546.1087899158204,0
34,Male,Islamabad,145.56,12,Month-to-Month,6,2018-04-27 23:32:36.756756,1674.6170229070894,1
53,Female,Lahore,,54,Month-to-Month,8,2018-04-29 19:24:41.081081,4022.0187946597352,0
67,Female,Peshawar,60.54,24,Two Year,9,2018-05-01 15:16:45.405405,1526.7180673703344,1
57,Female,Karachi,85.8,29,One Year,6,2018-05-03 11:08:49.729729,2448.769265111868,0
21,Male,Lahore,77.14,43,Two Year,5,2018-05-05 07:00:54.054054,3350.5305827816655,0
19,Female,Islamabad,33.74,25,Two Year,0,2018-05-07 02:52:58.378378,847.0881715357526,0
23,Male,Karachi,103.31,60,Month-to-Month,1,2018-05-08 22:45:02.702702,6177.767260606088,0
59,Male,Karachi,48.08,65,Two Year,0,2018-05-10 18:37:07.027027,3112.2076291498433,0
21,Male,Karachi,100.55,28,One Year,8,2018-05-12 14:29:11.351351,2894.5688940764767,1
46,Male,Peshawar,104.53,16,Two Year,9,2018-05-14 10:21:15.675675,1600.0768285678437,1
35,Male,Islamabad,39.76,47,Two Year,9,2018-05-16 06:13:19.999999,1849.3972384622036,0
43,Male,Lahore,27.98,58,Two Year,8,2018-05-18 02:05:24.324324,1668.168288034185,0
61,Female,Peshawar,121.5,27,Month-to-Month,6,2018-05-19 21:57:28.648648,3216.3427495776873,1
51,Male,Peshawar,79.77,53,One Year,1,2018-05-21 17:49:32.972972,4293.674140388879,0
27,Female,Peshawar,27.56,42,Month-to-Month,5,2018-05-23 13:41:37.297297,1202.1324857876812,0
53,Female,Karachi,149.33,59,Month-to-Month,3,2018-05-25 09:33:41.621621,8824.059784256619,1
31,Male,Islamabad,27.51,47,Month-to-Month,0,2018-05-27 05:25:45.945945,1267.8121547862866,0
48,Female,Peshawar,110.35,34,Month-to-Month,0,2018-05-29 01:17:50.270270,3681.321692240802,0
65,Female,Lahore,147.88,37,Month-to-Month,4,2018-05-30 21:09:54.594594,5506.912294706703,1
32,Female,Islamabad,51.09,6,One Year,1,2018-06-01 17:01:58.918918,443.9722467241944,0
25,Female,Lahore,38.49,7,Two Year,3,2018-06-03 12:54:03.243243,276.72462679584294,0
31,Male,Islamabad,35.78,25,Month-to-Month,0,2018-06-05 08:46:07.567567,803.1977294634049,0
40,Female,Lahore,59.43,33,Month-to-Month,3,2018-06-07 04:38:11.891891,1984.0658245063373,0
57,Male,Karachi,33.14,55,One Year,5,2018-06-09 00:30:16.216216,1865.7131485700597,0
38,Female,Peshawar,109.98,58,One Year,9,2018-06-10 20:22:20.540540,6332.947378405203,0
33,Female,Lahore,28.1,7,Two Year,3,2018-06-12 16:14:24.864864,164.42440369553023,0
62,Male,Islamabad,86.22,57,One Year,0,2018-06-14 12:06:29.189189,4877.171088562685,0
35,Female,Peshawar,149.57,12,Two Year,6,2018-06-16 07:58:33.513513,1768.2718066568154,0
64,Female,Peshawar,125.82,16,Month-to-Month,1,2018-06-18 03:50:37.837837,2004.5118442860976,0
41,Female,Islamabad,99.98,43,Month-to-Month,8,2018-06-19 23:42:42.162162,4256.094944575325,0
43,Male,Lahore,59.81,7,Two Year,2,2018-06-21 19:34:46.486486,356.8781129323888,0
42,Female,Karachi,101.11,51,One Year,7,2018-06-23 15:26:50.810810,5165.32876928375,0
62,Male,Karachi,,32,Two Year,7,2018-06-25 11:18:55.135135,2823.506898006815,0
58,Female,Lahore,75.39,8,One Year,2,2018-06-27 07:10:59.459459,581.3079114941592,0
46,Male,Peshawar,36.99,45,Month-to-Month,3,2018-06-29 03:03:03.783783,1668.7094858360758,0
32,Male,Peshawar,135.26,59,One Year,1,2018-06-30 22:55:08.108108,7904.331214722077,0
62,Female,Peshawar,78.47,4,Two Year,3,2018-07-02 18:47:12.432432,327.040146149838,0
18,Female,Peshawar,45.3,67,Two Year,8,2018-07-04 14:39:16.756756,3014.315589985522,0
42,Male,Lahore,67.81,29,Month-to-Month,1,2018-07-06 10:31:21.081081,1978.464473405639,0
24,Male,Peshawar,73.84,29,One Year,2,2018-07-08 06:23:25.405405,2161.3424552709484,0
26,Female,Islamabad,127.58,28,One Year,3,2018-07-10 02:15:29.729729,3628.7975639143087,0
41,Male,Peshawar,115.37,44,One Year,4,2018-07-11 22:07:34.054054,5081.427720849446,0
18,Female,Karachi,120.01,4,Month-to-Month,0,2018-07-13 17:59:38.378378,533.3759415027164,1
61,Female,Peshawar,21.43,9,One Year,6,2018-07-15 13:51:42.702702,,0
25,Female,Lahore,74.1,5,Two Year,9,2018-07-17 09:43:47.027027,356.79112433177886,0
41,Female,Karachi,82.57,56,One Year,6,2018-07-19 05:35:51.351351,4619.373591358816,0
28,Male,Lahore,22.49,50,Month-to-Month,8,2018-07-21 01:27:55.675675,1163.2062450339106,0
68,Female,Lahore,53.78,15,One Year,3,2018-07-22 21:19:59.999999,838.2479538511457,0
34,Male,Karachi,118.84,32,One Year,5,2018-07-24 17:12:04.324324,3809.63359399309,0
25,Female,Lahore,37.82,28,Two Year,1,2018-07-26 13:04:08.648648,997.573232919774,0
52,Male,Lahore,89.59,22,One Year,3,2018-07-28 08:56:12.972972,2001.6329587883163,0
52,Female,Peshawar,47.98,17,Two Year,1,2018-07-30 04:48:17.297297,772.5897682608514,0
50,Male,Islamabad,21.58,59,Two Year,9,2018-08-01 00:40:21.621621,1227.4251303100139,0
22,Male,Lahore,51.36,71,Month-to-Month,4,2018-08-02 20:32:25.945945,3589.6357455031157,0
59,Female,Lahore,146.86,57,Two Year,6,2018-08-04 16:24:30.270270,8366.8615644599,0
56,Female,Lahore,124.2,26,Two Year,0,2018-08-06 12:16:34.594594,3289.7862149235348,0
58,Female,Peshawar,144.74,25,Month-to-Month,9,2018-08-08 08:08:38.918918,3570.2319727809895,1
45,Female,Islamabad,83.42,10,Two Year,9,2018-08-10 04:00:43.243243,918.1287976587045,1
24,Male,Karachi,34.27,45,Month-to-Month,6,2018-08-11 23:52:47.567567,1587.6405111226786,0
26,Female,Peshawar,91.23,11,One Year,9,2018-08-13 19:44:51.891891,930.2998968374689,1
25,Male,Peshawar,79.07,53,Month-to-Month,5,2018-08-15 15:36:56.216216,4171.571240891084,0
29,Male,Islamabad,129.77,68,Two Year,5,2018-08-17 11:29:00.540540,8772.34748665046,0
51,Female,Islamabad,32.75,28,Month-to-Month,7,2018-08-19 07:21:04.864864,950.2477728867858,1
50,Male,Peshawar,83.47,65,Two Year,7,2018-08-21 03:13:09.189189,5376.141832616479,0
65,Male,Karachi,39.51,49,One Year,5,2018-08-22 23:05:13.513513,1854.934026147191,0
40,Male,Peshawar,62.21,47,Month-to-Month,2,2018-08-24 18:57:17.837837,2907.5837111631454,0
41,Male,Islamabad,115.86,52,One Year,4,2018-08-26 14:49:22.162162,6083.189703684813,0
54,Female,Karachi,81.88,54,Two Year,1,2018-08-28 10:41:26.486486,4411.894188807872,0
52,Female,Islamabad,68.87,60,Two Year,4,2018-08-30 06:33:30.810810,4152.122193167835,0
61,Female,Karachi,71.28,57,One Year,8,2018-09-01 02:25:35.135135,4084.821554877352,0
57,Female,Lahore,79.73,47,Month-to-Month,9,2018-09-02 22:17:39.459459,3671.696220362947,1
39,Male,Islamabad,122.05,31,Month-to-Month,0,2018-09-04 18:09:43.783783,3738.581293642267,0
44,Male,Islamabad,135.97,46,Two Year,9,2018-09-06 14:01:48.108108,6254.94320935988,0
52,Female,Peshawar,144.19,26,One Year,4,2018-09-08 09:53:52.432432,3721.0722508172307,0
18,Female,Islamabad,122.3,5,One Year,5,2018-09-10 05:45:56.756756,696.7227275197079,1
52,Female,Islamabad,61.0,52,Month-to-Month,6,2018-09-12 01:38:01.081081,3110.5838802459557,1
54,Male,Lahore,109.46,54,Month-to-Month,8,2018-09-13 21:30:05.405405,5865.376994838357,0
64,Female,Islamabad,76.89,33,Month-to-Month,5,2018-09-15 17:22:09.729729,2551.8972129739873,0
31,Female,Lahore,53.11,50,One Year,4,2018-09-17 13:14:14.054054,2624.1053331108355,0
20,Female,Lahore,129.31,38,Month-to-Month,6,2018-09-19 09:06:18.378378,4769.1883700524895,0
18,Male,Lahore,25.0,27,Month-to-Month,0,2018-09-21 04:58:22.702702,771.7340614706909,0
22,Male,Lahore,137.23,15,Two Year,4,2018-09-23 00:50:27.027027,2004.7347306886754,1
43,Male,Karachi,79.99,61,Month-to-Month,1,2018-09-24 20:42:31.351351,4907.4346361340895,0
31,Male,Peshawar,102.84,21,Month-to-Month,3,2018-09-26 16:34:35.675675,2096.970441438792,1
56,Male,Karachi,105.72,46,One Year,6,2018-09-28 12:26:39.999999,4819.968254645851,0
44,Male,Islamabad,136.37,69,One Year,4,2018-09-30 08:18:44.324324,9328.383349865939,0
26,Male,Karachi,,6,Two Year,5,2018-10-02 04:10:48.648648,579.560329986846,1
32,Male,Karachi,99.81,38,Month-to-Month,1,2018-10-04 00:02:52.972972,3760.565909127573,0
32,Female,Islamabad,28.66,62,Two Year,2,2018-10-05 19:54:57.297297,1770.2917161327553,0
43,Female,Islamabad,87.39,62,One Year,6,2018-10-07 15:47:01.621621,5399.551557881178,0
59,Male,Islamabad,39.52,46,Two Year,1,2018-10-09 11:39:05.945945,1745.8440086518087,0
30,Male,Karachi,115.87,13,One Year,5,2018-10-11 07:31:10.270270,1480.1150085828035,0
68,Female,Karachi,86.59,3,Two Year,4,2018-10-13 03:23:14.594594,332.1205333387403,0
49,Male,Islamabad,108.43,6,Two Year,9,2018-10-14 23:15:18.918918,716.9995272705906,1
56,Male,Peshawar,25.42,8,Month-to-Month,0,2018-10-16 19:07:23.243243,226.14435144573451,1
66,Male,Peshawar,31.02,44,Two Year,9,2018-10-18 14:59:27.567567,1398.0349623370084,0
69,Female,Lahore,,33,Month-to-Month,3,2018-10-20 10:51:31.891891,3836.0011400567673,0
49,Female,Islamabad,29.37,50,Month-to-Month,1,2018-10-22 06:43:36.216216,1497.062382979425,0
21,Female,Lahore,29.26,11,Month-to-Month,3,2018-10-24 02:35:40.540540,354.0694930268776,1
47,Female,Peshawar,21.57,28,Month-to-Month,0,2018-10-25 22:27:44.864864,525.730848694323,0
54,Female,Lahore,144.35,70,Two Year,1,2018-10-27 18:19:49.189189,10048.868471938093,0
40,Male,Islamabad,115.88,41,One Year,7,2018-10-29 14:11:53.513513,4749.44548414994,0
56,Female,Islamabad,65.92,16,One Year,5,2018-10-31 10:03:57.837837,1014.3478887462877,0
62,Male,Islamabad,58.55,68,One Year,1,2018-11-02 05:56:02.162162,3931.502235648841,0
32,Male,Karachi,65.46,48,Two Year,5,2018-11-04 01:48:06.486486,3097.9570475883875,0
60,Female,Lahore,120.7,56,Month-to-Month,9,2018-11-05 21:40:10.810810,6688.021467890943,1
46,Female,Peshawar,105.98,64,One Year,8,2018-11-07 17:32:15.135135,6743.150775695898,0
53,Male,Peshawar,44.08,59,Two Year,6,2018-11-09 13:24:19.459459,2617.6917777405447,0
30,Male,Peshawar,42.63,62,Month-to-Month,8,2018-11-11 09:16:23.783783,2732.876196324234,1
49,Male,Karachi,32.79,11,One Year,4,2018-11-13 05:08:28.108108,400.539109135681,0
24,Female,Karachi,105.84,18,Month-to-Month,6,2018-11-15 01:00:32.432432,1936.9277742519719,1
68,Female,Islamabad,119.37,19,One Year,6,2018-11-16 20:52:36.756756,2186.85333078008,1
39,Female,Peshawar,54.46,55,One Year,2,2018-11-18 16:44:41.081081,3001.264835251101,0
45,Female,Karachi,22.72,26,One Year,6,2018-11-20 12:36:45.405405,587.372004835143,0
19,Female,Islamabad,30.68,6,Month-to-Month,0,2018-11-22 08:28:49.729729,198.61705484755893,0
59,Male,Peshawar,145.82,4,Two Year,8,2018-11-24 04:20:54.054054,565.245626526127,1
62,Female,Lahore,58.41,29,Month-to-Month,9,2018-11-26 00:12:58.378378,1776.9938370507332,1
23,Male,Islamabad,120.0,59,One Year,5,2018-11-27 20:05:02.702702,7082.638775814891,0
45,Male,Karachi,101.21,17,Month-to-Month,4,2018-11-29 15:57:07.027027,1728.0811677468434,1
45,Male,Karachi,69.65,43,Two Year,6,2018-12-01 11:49:11.351351,2896.8279887576577,0
61,Female,Islamabad,46.74,66,Month-to-Month,4,2018-12-03 07:41:15.675675,3079.506215902784,0
61,Female,Islamabad,35.78,34,Two Year,9,2018-12-05 03:33:19.999999,1273.9829675015317,0
37,Female,Karachi,99.95,8,Two Year,4,2018-12-06 23:25:24.324324,,1
47,Male,Lahore,120.7,13,Month-to-Month,9,2018-12-08 19:17:28.648648,1461.3204530128446,1
28,Male,Peshawar,103.71,8,One Year,6,2018-12-10 15:09:32.972972,807.1962463426887,0
45,Male,Lahore,88.94,65,Two Year,9,2018-12-12 11:01:37.297297,5867.6949733681495,1
42,Male,Islamabad,25.45,43,Month-to-Month,6,2018-12-14 06:53:41.621621,1086.8179639859236,0
56,Male,Lahore,145.9,39,Two Year,2,2018-12-16 02:45:45.945945,5706.220799135557,0
50,Male,Karachi,123.83,59,One Year,2,2018-12-17 22:37:50.270270,7386.920464364365,0
18,Female,Islamabad,58.07,44,Month-to-Month,9,2018-12-19 18:29:54.594594,2547.3492929226545,1
44,Female,Peshawar,147.4,9,Month-to-Month,2,2018-12-21 14:21:58.918918,1366.1514929978953,1
69,Female,Karachi,98.24,37,Month-to-Month,5,2018-12-23 10:14:03.243243,3655.449793857918,0
30,Female,Karachi,95.71,36,One Year,5,2018-12-25 06:06:07.567567,3476.8174431755197,0
58,Male,Peshawar,117.25,28,Two Year,2,2018-12-27 01:58:11.891891,3301.9607828416733,0
20,Male,Peshawar,125.53,42,Month-to-Month,2,2018-12-28 21:50:16.216216,5244.878506074261,0
56,Female,Lahore,105.34,43,Two Year,7,2018-12-30 17:42:20.540540,4507.230122428867,0
23,Male,Islamabad,36.65,42,Two Year,7,2019-01-01 13:34:24.864864,1496.5711909815836,0
25,Female,Peshawar,63.97,66,One Year,6,2019-01-03 09:26:29.189189,4140.034544056485,0
44,Female,Peshawar,140.65,55,Month-to-Month,9,2019-01-05 05:18:33.513513,7797.976495533832,1
26,Female,Islamabad,49.2,48,Two Year,3,2019-01-07 01:10:37.837837,2362.104148344061,0
54,Male,Peshawar,68.38,22,Month-to-Month,3,2019-01-08 21:02:42.162162,1564.0680091262227,1
50,Female,Peshawar,,27,Month-to-Month,2,2019-01-10 16:54:46.486486,,1
68,Female,Lahore,77.12,67,One Year,4,2019-01-12 12:46:50.810810,5169.710874045477,0
59,Female,Karachi,99.68,13,Month-to-Month,2,2019-01-14 08:38:55.135135,1230.1655434154688,1
61,Male,Karachi,,45,Month-to-Month,7,2019-01-16 04:30:59.459459,6407.190592707377,1
41,Male,Karachi,51.29,10,Two Year,6,2019-01-18 00:23:03.783783,479.3428196618439,0
32,Female,Karachi,35.8,9,One Year,2,2019-01-19 20:15:08.108108,223.19247704725063,0
49,Male,Peshawar,45.67,54,Month-to-Month,8,2019-01-21 16:07:12.432432,2441.0935547535564,1
49,Male,Islamabad,135.3,27,Two Year,4,2019-01-23 11:59:16.756756,3649.5231393967747,0
41,Male,Islamabad,103.96,34,One Year,8,2019-01-25 07:51:21.081081,3502.473780211767,1
58,Male,Lahore,57.17,1,One Year,6,2019-01-27 03:43:25.405405,18.59274565242565,0
69,Male,Lahore,126.07,32,Two Year,6,2019-01-28 23:35:29.729729,3970.363208893352,0
66,Male,Peshawar,131.98,71,Two Year,5,2019-01-30 19:27:34.054054,9380.376107417715,0
66,Male,Islamabad,130.05,67,Two Year,1,2019-02-01 15:19:38.378378,8806.813464160812,0
69,Male,Islamabad,139.46,20,Two Year,8,2019-02-03 11:11:42.702702,2853.131194402558,1
29,Male,Karachi,52.79,35,Two Year,5,2019-02-05 07:03:47.027027,,0
56,Male,Peshawar,118.16,17,Month-to-Month,7,2019-02-07 02:55:51.351351,2042.4904559465522,1
19,Female,Peshawar,79.87,18,Month-to-Month,0,2019-02-08 22:47:55.675675,1431.027842787044,1
20,Female,Karachi,129.46,45,One Year,4,2019-02-10 18:39:59.999999,5735.474341035649,0
66,Male,Peshawar,114.7,53,Month-to-Month,0,2019-02-12 14:32:04.324324,6060.628415526965,0
54,Female,Peshawar,120.94,68,Month-to-Month,9,2019-02-14 10:24:08.648648,8175.456115633393,1
66,Female,Lahore,105.3,65,Month-to-Month,7,2019-02-16 06:16:12.972972,6852.2348374672665,0
34,Male,Islamabad,43.07,1,Two Year,7,2019-02-18 02:08:17.297297,104.73073519693773,0
66,Male,Peshawar,90.85,58,One Year,0,2019-02-19 22:00:21.621621,5367.970479512423,0
19,Male,Lahore,148.01,26,One Year,8,2019-02-21 17:52:25.945945,3851.4910515590263,1
19,Female,Islamabad,141.86,20,One Year,1,2019-02-23 13:44:30.270270,2753.8421831411324,0
45,Female,Karachi,25.61,10,One Year,8,2019-02-25 09:36:34.594594,259.23380250809896,0
40,Male,Lahore,41.43,59,Month-to-Month,0,2019-02-27 05:28:38.918918,2448.862808145669,0
54,Male,Lahore,37.12,41,Month-to-Month,9,2019-03-01 01:20:43.243243,1555.8621935263097,1
49,Male,Islamabad,114.38,5,Two Year,8,2019-03-02 21:12:47.567567,570.9402224799585,0
50,Female,Karachi,126.31,65,One Year,3,2019-03-04 17:04:51.891891,8213.475913698034,0
18,Female,Lahore,47.76,17,Month-to-Month,8,2019-03-06 12:56:56.216216,780.316962105647,1
36,Female,Peshawar,85.76,22,Month-to-Month,6,2019-03-08 08:49:00.540540,1871.1249008445561,1
19,Female,Peshawar,129.29,41,Two Year,5,2019-03-10 04:41:04.864864,5326.551621340758,0
61,Male,Peshawar,115.26,68,Two Year,4,2019-03-12 00:33:09.189189,7737.255814192826,0
43,Male,Karachi,90.49,69,Two Year,8,2019-03-13 20:25:13.513513,6227.945571716808,0
49,Male,Lahore,96.75,11,Month-to-Month,1,2019-03-15 16:17:17.837837,1098.6449983997954,0
23,Male,Peshawar,86.09,56,Month-to-Month,1,2019-03-17 12:09:22.162162,,0
49,Female,Karachi,58.68,51,Two Year,8,2019-03-19 08:01:26.486486,2972.763177793488,0
21,Female,Peshawar,93.45,21,One Year,2,2019-03-21 03:53:30.810810,2021.7184890411895,0
28,Male,Islamabad,109.56,26,Two Year,7,2019-03-22 23:45:35.135135,2933.061192270897,0
34,Male,Lahore,133.53,19,Two Year,8,2019-03-24 19:37:39.459459,2517.800879946866,1
55,Female,Lahore,102.72,60,Two Year,7,2019-03-26 15:29:43.783783,6135.289573358409,0
41,Male,Karachi,118.95,71,Two Year,3,2019-03-28 11:21:48.108108,8436.346276495404,0
22,Female,Karachi,40.81,47,Month-to-Month,0,2019-03-30 07:13:52.432432,1913.9724107468453,0
69,Male,Lahore,80.0,71,One Year,3,2019-04-01 03:05:56.756756,5734.541133392776,0
51,Male,Peshawar,21.21,26,Two Year,8,2019-04-02 22:58:01.081081,512.7737410245203,0
23,Male,Peshawar,52.07,40,One Year,1,2019-04-04 18:50:05.405405,,0
39,Male,Islamabad,114.44,5,One Year,2,2019-04-06 14:42:09.729729,532.1621223636892,0
28,Male,Peshawar,148.94,21,One Year,9,2019-04-08 10:34:14.054054,3064.5187540191214,1
65,Male,Karachi,32.89,4,Two Year,7,2019-04-10 06:26:18.378378,157.74886057793395,0
33,Male,Karachi,72.19,23,Month-to-Month,5,2019-04-12 02:18:22.702702,1721.8980214434603,1
50,Female,Peshawar,124.01,15,Two Year,7,2019-04-13 22:10:27.027027,1869.0827740506456,1
26,Female,Karachi,46.52,8,One Year,6,2019-04-15 18:02:31.351351,393.9142198983137,0
23,Female,Lahore,92.16,41,One Year,4,2019-04-17 13:54:35.675675,3876.2748619012655,0
33,Female,Lahore,115.3,19,Month-to-Month,8,2019-04-19 09:46:40.000000,2252.9326390767646,1
46,Female,Peshawar,100.08,46,Two Year,3,2019-04-21 05:38:44.324324,4605.226270889125,0
20,Male,Lahore,44.44,28,One Year,5,2019-04-23 01:30:48.648648,1222.762655840903,0
37,Male,Lahore,,68,Month-to-Month,1,2019-04-24 21:22:52.972972,4556.352943324069,0
53,Female,Islamabad,121.89,15,One Year,1,2019-04-26 17:14:57.297297,1869.8141956712943,0
36,Male,Islamabad,92.05,37,Month-to-Month,1,2019-04-28 13:07:01.621621,3426.7788341330042,0
43,Female,Lahore,20.68,1,Month-to-Month,9,2019-04-30 08:59:05.945945,4.329315700325587,1
20,Female,Peshawar,118.93,67,Two Year,6,2019-05-02 04:51:10.270270,7964.490518186659,0
36,Male,Islamabad,24.59,24,One Year,1,2019-05-04 00:43:14.594594,582.7840217690972,0
37,Male,Karachi,116.95,27,Two Year,1,2019-05-05 20:35:18.918918,3142.131560820935,0
49,Male,Karachi,46.32,40,One Year,8,2019-05-07 16:27:23.243243,1822.7425931702007,0
24,Female,Karachi,144.55,63,Two Year,6,2019-05-09 12:19:27.567567,9119.909931797416,0
69,Male,Peshawar,67.83,61,One Year,2,2019-05-11 08:11:31.891891,4105.314235211533,0
58,Female,Lahore,62.5,36,Two Year,2,2019-05-13 04:03:36.216216,2258.868958545723,0
50,Female,Karachi,39.36,24,Month-to-Month,6,2019-05-14 23:55:40.540540,,0
57,Female,Peshawar,59.73,24,One Year,4,2019-05-16 19:47:44.864864,,1
56,Male,Islamabad,133.96,4,One Year,9,2019-05-18 15:39:49.189189,590.7564600347024,1
35,Male,Lahore,149.52,67,Month-to-Month,5,2019-05-20 11:31:53.513513,9972.818538726775,1
57,Female,Islamabad,67.88,34,Two Year,7,2019-05-22 07:23:57.837837,2337.5250980521573,0
18,Male,Peshawar,78.32,57,One Year,8,2019-05-24 03:16:02.162162,4423.375812498346,0
28,Male,Karachi,113.87,49,One Year,0,2019-05-25 23:08:06.486486,5618.419282839661,0
45,Male,Karachi,135.21,53,Two Year,2,2019-05-27 19:00:10.810810,7151.274552640073,0
42,Female,Peshawar,97.1,23,Month-to-Month,6,2019-05-29 14:52:15.135135,2216.4676697817354,1
67,Female,Karachi,70.9,69,Two Year,5,2019-05-31 10:44:19.459459,4894.817573927351,0
40,Male,Lahore,73.64,53,Two Year,6,2019-06-02 06:36:23.783783,3835.7486516439153,0
48,Female,Peshawar,110.43,62,Two Year,7,2019-06-04 02:28:28.108108,6895.264540937824,0
47,Male,Islamabad,20.42,41,One Year,5,2019-06-05 22:20:32.432432,902.3916720757869,0
59,Male,Peshawar,100.55,57,Month-to-Month,2,2019-06-07 18:12:36.756756,5713.348425150251,0
52,Male,Lahore,,60,Month-to-Month,1,2019-06-09 14:04:41.081081,3998.810208545077,0
24,Male,Lahore,123.25,54,Two Year,6,2019-06-11 09:56:45.405405,,0
33,Female,Peshawar,32.09,70,One Year,0,2019-06-13 05:48:49.729729,2241.737122383419,0
43,Female,Peshawar,96.47,57,Two Year,2,2019-06-15 01:40:54.054054,5443.377642364107,0
65,Female,Karachi,82.53,10,One Year,3,2019-06-16 21:32:58.378378,905.0041065975922,0
69,Male,Lahore,103.5,40,One Year,0,2019-06-18 17:25:02.702702,4120.37391475356,0
66,Male,Peshawar,28.43,7,One Year,4,2019-06-20 13:17:07.027027,168.5532615393095,0
19,Male,Peshawar,95.4,38,One Year,9,2019-06-22 09:09:11.351351,3707.1395965666966,0
18,Female,Lahore,92.99,61,Month-to-Month,2,2019-06-24 05:01:15.675675,5702.8929383778095,0
65,Male,Peshawar,92.89,3,One Year,1,2019-06-26 00:53:19.999999,291.5415038029007,0
29,Female,Karachi,98.45,51,One Year,2,2019-06-27 20:45:24.324324,4972.411966829873,0
22,Female,Lahore,107.94,47,Two Year,7,2019-06-29 16:37:28.648648,5113.3202029106615,0
54,Female,Karachi,124.65,68,Two Year,5,2019-07-01 12:29:32.972972,8621.025930275988,0
49,Female,Karachi,55.08,38,Month-to-Month,6,2019-07-03 08:21:37.297297,2137.065383193927,0
26,Female,Karachi,127.26,36,Two Year,5,2019-07-05 04:13:41.621621,4606.164424814629,0
58,Female,Karachi,84.77,41,One Year,5,2019-07-07 00:05:45.945945,3511.6246398243047,0
52,Male,Lahore,30.02,69,Two Year,2,2019-07-08 19:57:50.270270,2054.974233341573,0
36,Male,Karachi,27.61,13,Month-to-Month,7,2019-07-10 15:49:54.594594,342.0474635203426,1
65,Female,Karachi,63.45,58,Two Year,6,2019-07-12 11:41:58.918918,3662.5777257881896,0
33,Female,Peshawar,122.04,50,Two Year,6,2019-07-14 07:34:03.243243,6073.252502230656,0
20,Male,Lahore,112.0,30,Month-to-Month,5,2019-07-16 03:26:07.567567,3342.3777567111993,1
37,Female,Lahore,122.52,62,Month-to-Month,4,2019-07-17 23:18:11.891891,7578.384640387554,1
41,Female,Islamabad,87.24,25,One Year,9,2019-07-19 19:10:16.216216,2168.7657745582933,0
50,Male,Lahore,77.23,27,Two Year,7,2019-07-21 15:02:20.540540,2071.576098420995,1
41,Female,Lahore,39.17,51,One Year,4,2019-07-23 10:54:24.864864,2009.8205928504851,0
69,Female,Islamabad,62.67,57,Two Year,8,2019-07-25 06:46:29.189189,3576.1296509103922,0
28,Female,Lahore,76.42,47,Two Year,8,2019-07-27 02:38:33.513513,3600.1081226755855,0
66,Male,Lahore,31.52,39,One Year,0,2019-07-28 22:30:37.837837,1305.394878167224,0
25,Male,Lahore,48.68,16,Two Year,5,2019-07-30 18:22:42.162162,782.7167119358255,0
53,Male,Lahore,97.77,22,Two Year,6,2019-08-01 14:14:46.486486,2261.484549640039,0
55,Female,Islamabad,115.64,54,Two Year,2,2019-08-03 10:06:50.810810,6262.194476991131,0
57,Female,Lahore,149.79,21,Month-to-Month,6,2019-08-05 05:58:55.135135,3123.2270204558577,1
37,Male,Lahore,141.3,16,One Year,6,2019-08-07 01:50:59.459459,2328.27916195235,0
52,Female,Islamabad,103.53,59,Month-to-Month,1,2019-08-08 21:43:03.783783,6104.2936366145905,1
65,Female,Peshawar,74.76,31,One Year,6,2019-08-10 17:35:08.108108,2197.8757924132933,0
42,Female,Karachi,102.7,42,One Year,0,2019-08-12 13:27:12.432432,4313.199842908241,0
52,Female,Peshawar,122.13,32,Two Year,4,2019-08-14 09:19:16.756756,3895.701208102802,0
42,Female,Islamabad,35.38,59,One Year,8,2019-08-16 05:11:21.081081,2167.747369314417,0
46,Male,Karachi,73.29,34,Month-to-Month,6,2019-08-18 01:03:25.405405,2446.981665749982,1
35,Female,Islamabad,129.17,9,Month-to-Month,6,2019-08-19 20:55:29.729729,1145.8972590960864,1
63,Male,Islamabad,69.9,11,Month-to-Month,1,2019-08-21 16:47:34.054054,832.281968803023,0
35,Female,Lahore,94.34,10,One Year,7,2019-08-23 12:39:38.378378,963.1204266362091,0
19,Male,Karachi,96.41,17,Month-to-Month,2,2019-08-25 08:31:42.702702,1630.3971587513433,1
52,Female,Lahore,43.98,68,One Year,7,2019-08-27 04:23:47.027027,2952.815716676348,0
33,Male,Karachi,67.09,48,Month-to-Month,2,2019-08-29 00:15:51.351351,3237.907286343752,0
58,Female,Islamabad,63.49,52,Month-to-Month,9,2019-08-30 20:07:55.675675,3300.0149428390864,1
53,Male,Islamabad,23.41,25,One Year,6,2019-09-01 15:59:59.999999,546.8585367396402,0
50,Female,Peshawar,23.14,21,Month-to-Month,1,2019-09-03 11:52:04.324324,450.1476729336067,0
21,Male,Karachi,128.12,65,Two Year,3,2019-09-05 07:44:08.648648,8287.076394277747,0
50,Female,Lahore,55.5,63,One Year,5,2019-09-07 03:36:12.972972,3446.872219311806,0
31,Male,Peshawar,87.35,51,One Year,8,2019-09-08 23:28:17.297297,4501.551687998616,0
38,Male,Peshawar,58.83,36,One Year,4,2019-09-10 19:20:21.621621,2157.849667931022,0
65,Female,Peshawar,142.29,66,Two Year,8,2019-09-12 15:12:25.945945,9437.923722819289,0
37,Female,Lahore,53.71,15,One Year,4,2019-09-14 11:04:30.270270,,0
25,Male,Peshawar,75.86,39,Month-to-Month,9,2019-09-16 06:56:34.594594,2946.408560609992,0
24,Female,Lahore,133.45,70,Month-to-Month,7,2019-09-18 02:48:38.918918,9330.280894505433,0
20,Male,Peshawar,129.45,1,Month-to-Month,0,2019-09-19 22:40:43.243243,180.5050786453054,0
34,Male,Lahore,44.19,23,One Year,6,2019-09-21 18:32:47.567567,925.3626089002084,0
50,Male,Islamabad,,39,Month-to-Month,3,2019-09-23 14:24:51.891891,,0
65,Female,Islamabad,79.56,57,One Year,4,2019-09-25 10:16:56.216216,4490.552718624779,0
29,Male,Islamabad,82.79,34,Month-to-Month,5,2019-09-27 06:09:00.540540,2882.8543773294205,1
68,Male,Islamabad,37.35,41,Two Year,4,2019-09-29 02:01:04.864864,1507.4771238276442,0
39,Female,Islamabad,30.48,13,Two Year,0,2019-09-30 21:53:09.189189,314.4405582280113,0
39,Female,Peshawar,114.63,70,Two Year,8,2019-10-02 17:45:13.513513,8035.271182112339,0
63,Female,Peshawar,84.54,6,Two Year,1,2019-10-04 13:37:17.837837,488.7342902553043,0
47,Female,Peshawar,76.79,52,One Year,8,2019-10-06 09:29:22.162162,3965.2335596157523,0
55,Male,Lahore,114.84,3,Month-to-Month,9,2019-10-08 05:21:26.486486,311.51840216370863,1
55,Male,Lahore,119.52,63,Two Year,1,2019-10-10 01:13:30.810810,7494.785761041959,0
62,Male,Lahore,40.66,49,One Year,8,2019-10-11 21:05:35.135135,2027.7680157428322,0
68,Male,Lahore,99.33,47,Two Year,5,2019-10-13 16:57:39.459459,4679.699368327892,0
25,Female,Islamabad,37.6,55,Two Year,8,2019-10-15 12:49:43.783783,2058.1017122184735,0
44,Male,Islamabad,117.68,64,One Year,5,2019-10-17 08:41:48.108108,7476.608056157684,0
44,Male,Islamabad,105.4,65,One Year,5,2019-10-19 04:33:52.432432,6842.555333830604,0
51,Female,Karachi,144.36,67,Month-to-Month,1,2019-10-21 00:25:56.756756,9685.151392880001,0
38,Male,Peshawar,28.96,15,Month-to-Month,7,2019-10-22 20:18:01.081081,449.33272241297453,1
47,Male,Lahore,27.42,32,Two Year,2,2019-10-24 16:10:05.405405,885.4842191495885,0
50,Male,Lahore,56.68,68,Two Year,6,2019-10-26 12:02:09.729729,3808.110366658623,0
45,Male,Islamabad,54.02,18,Month-to-Month,4,2019-10-28 07:54:14.054054,852.201170370399,0
64,Male,Lahore,52.11,43,Month-to-Month,2,2019-10-30 03:46:18.378378,2330.710938002597,0
50,Male,Lahore,137.81,35,One Year,0,2019-10-31 23:38:22.702702,4757.868156294574,0
22,Female,Peshawar,52.44,58,Month-to-Month,7,2019-11-02 19:30:27.027027,2943.272102066653,0
65,Female,Islamabad,55.35,33,Month-to-Month,2,2019-11-04 15:22:31.351351,,1
36,Male,Peshawar,118.72,14,Two Year,1,2019-11-06 11:14:35.675675,1576.6540748384639,0
21,Male,Karachi,78.47,34,Month-to-Month,0,2019-11-08 07:06:39.999999,2627.7400625712557,0
52,Female,Karachi,120.97,61,Two Year,3,2019-11-10 02:58:44.324324,7406.612521290442,0
66,Male,Karachi,28.5,4,Month-to-Month,7,2019-11-11 22:50:48.648648,202.6343634237023,1
34,Male,Islamabad,83.38,59,One Year,2,2019-11-13 18:42:52.972972,4938.795590413619,0
61,Male,Lahore,24.37,29,Month-to-Month,0,2019-11-15 14:34:57.297297,684.772036456156,0
45,Female,Islamabad,28.14,6,Month-to-Month,3,2019-11-17 10:27:01.621621,166.26902227965792,1
47,Male,Islamabad,137.84,49,Month-to-Month,8,2019-11-19 06:19:05.945945,6663.730702141254,1
46,Female,Lahore,38.1,40,Two Year,0,2019-11-21 02:11:10.270270,1501.4623945417425,0
63,Male,Peshawar,89.21,65,One Year,1,2019-11-22 22:03:14.594594,5776.160919803652,0
23,Female,Karachi,73.44,69,Month-to-Month,8,2019-11-24 17:55:18.918918,5075.026433106858,0
52,Female,Peshawar,65.15,27,Two Year,1,2019-11-26 13:47:23.243243,1856.1594806346886,0
58,Male,Karachi,136.98,6,One Year,2,2019-11-28 09:39:27.567567,725.0402355633879,0
54,Female,Islamabad,22.84,13,Two Year,6,2019-11-30 05:31:31.891891,276.53611942127566,0
41,Male,Karachi,106.29,64,Two Year,2,2019-12-02 01:23:36.216216,6710.884522800408,0
46,Female,Islamabad,145.24,62,One Year,8,2019-12-03 21:15:40.540540,8979.711795337476,0
66,Male,Peshawar,92.82,19,Month-to-Month,5,2019-12-05 17:07:44.864864,1720.3498929441002,1
63,Male,Islamabad,141.79,43,Two Year,2,2019-12-07 12:59:49.189189,6022.252684624929,0
48,Female,Peshawar,26.79,20,Two Year,8,2019-12-09 08:51:53.513513,581.4546015264889,1
52,Male,Lahore,74.44,68,Month-to-Month,0,2019-12-11 04:43:57.837837,5074.702385192521,0
50,Male,Lahore,53.82,44,Month-to-Month,9,2019-12-13 00:36:02.162162,2407.872781482702,1
69,Female,Lahore,115.01,23,One Year,2,2019-12-14 20:28:06.486486,2618.6473087666254,1
38,Male,Islamabad,147.57,2,One Year,0,2019-12-16 16:20:10.810810,291.60417621099583,0
49,Male,Lahore,53.35,22,One Year,1,2019-12-18 12:12:15.135135,1253.4320320608158,0
40,Female,Karachi,105.04,57,Month-to-Month,7,2019-12-20 08:04:19.459459,5987.143990244545,0
50,Female,Peshawar,45.75,7,Two Year,6,2019-12-22 03:56:23.783783,360.6478274579721,1
20,Male,Peshawar,93.49,56,Two Year,1,2019-12-23 23:48:28.108108,5204.567184864163,0
35,Male,Karachi,80.31,67,One Year,1,2019-12-25 19:40:32.432432,5416.570867168213,0
42,Female,Islamabad,146.36,16,Month-to-Month,8,2019-12-27 15:32:36.756756,,1
59,Female,Islamabad,99.11,51,Two Year,5,2019-12-29 11:24:41.081081,4959.788881197016,0
48,Male,Peshawar,65.44,12,One Year,4,2019-12-31 07:16:45.405405,784.9008556039479,0
20,Female,Lahore,34.83,53,Two Year,9,2020-01-02 03:08:49.729729,1822.474842869802,0
57,Male,Islamabad,39.66,5,Two Year,5,2020-01-03 23:00:54.054054,117.06093203013687,0
63,Male,Islamabad,49.29,27,Month-to-Month,8,2020-01-05 18:52:58.378378,1340.4046425836586,1
41,Male,Karachi,52.63,12,Month-to-Month,6,2020-01-07 14:45:02.702702,586.8836757523339,0
67,Male,Karachi,130.58,17,Two Year,9,2020-01-09 10:37:07.027027,2374.492063923134,0
49,Male,Lahore,92.96,6,One Year,9,2020-01-11 06:29:11.351351,484.5378883293166,1
64,Female,Islamabad,88.04,5,Month-to-Month,8,2020-01-13 02:21:15.675675,379.5537528774931,1
39,Female,Islamabad,34.92,57,Two Year,3,2020-01-14 22:13:19.999999,2033.9175553323896,0
40,Female,Karachi,131.82,28,Month-to-Month,1,2020-01-16 18:05:24.324324,3684.3089059679955,0
19,Female,Islamabad,113.97,69,Month-to-Month,7,2020-01-18 13:57:28.648648,7906.390115463111,1
44,Male,Peshawar,28.8,59,Month-to-Month,3,2020-01-20 09:49:32.972972,1718.2195526948951,0
59,Male,Karachi,112.02,33,Two Year,8,2020-01-22 05:41:37.297297,3667.544643603441,0
19,Male,Lahore,90.66,62,One Year,3,2020-01-24 01:33:41.621621,5551.965380346019,0
43,Male,Karachi,30.62,50,One Year,7,2020-01-25 21:25:45.945945,1584.5541540364015,0
34,Female,Islamabad,79.58,19,One Year,8,2020-01-27 17:17:50.270270,1447.597490720535,0
57,Male,Lahore,83.01,69,Month-to-Month,8,2020-01-29 13:09:54.594594,5755.635298058209,0
50,Male,Karachi,41.55,66,Two Year,9,2020-01-31 09:01:58.918918,2788.249937862842,0
26,Female,Peshawar,142.94,47,Month-to-Month,3,2020-02-02 04:54:03.243243,6711.834109798502,1
60,Female,Peshawar,130.5,39,One Year,0,2020-02-04 00:46:07.567567,5074.29262321561,0
65,Female,Karachi,106.97,68,One Year,2,2020-02-05 20:38:11.891891,7224.773694766949,0
56,Female,Peshawar,80.1,33,Two Year,8,2020-02-07 16:30:16.216216,2666.437135835215,0
46,Male,Peshawar,73.53,13,Month-to-Month,3,2020-02-09 12:22:20.540540,803.5935584459194,1
59,Male,Peshawar,104.63,54,One Year,4,2020-02-11 08:14:24.864864,5685.8063169528405,0
43,Female,Lahore,90.91,7,Two Year,6,2020-02-13 04:06:29.189189,642.3438170487857,0
52,Male,Peshawar,28.1,14,Month-to-Month,4,2020-02-14 23:58:33.513513,382.2592150140159,1
67,Male,Peshawar,86.63,19,Month-to-Month,3,2020-02-16 19:50:37.837837,,1
42,Male,Peshawar,,54,One Year,1,2020-02-18 15:42:42.162162,6672.1421804033935,0
41,Female,Lahore,79.7,20,One Year,1,2020-02-20 11:34:46.486486,1473.3503655962058,0
30,Male,Karachi,26.75,29,Month-to-Month,3,2020-02-22 07:26:50.810810,799.178753497698,1
24,Female,Islamabad,122.22,24,Month-to-Month,9,2020-02-24 03:18:55.135135,,1
53,Male,Peshawar,46.18,63,One Year,9,2020-02-25 23:10:59.459459,2822.369901403163,0
62,Male,Karachi,53.62,57,Month-to-Month,8,2020-02-27 19:03:03.783783,3003.715996150179,1
37,Male,Peshawar,41.41,8,One Year,7,2020-02-29 14:55:08.108108,368.89624465137183,1
18,Female,Lahore,62.93,62,Month-to-Month,2,2020-03-02 10:47:12.432432,3919.6044879973424,0
25,Male,Karachi,118.38,29,One Year,8,2020-03-04 06:39:16.756756,3581.1754228153354,0
63,Female,Lahore,87.52,17,Two Year,4,2020-03-06 02:31:21.081081,1541.6228734412948,0
33,Female,Peshawar,46.63,66,One Year,2,2020-03-07 22:23:25.405405,3119.3512235946528,0
31,Female,Peshawar,134.12,6,One Year,4,2020-03-09 18:15:29.729729,766.5305650002559,1
29,Male,Lahore,134.35,58,Two Year,9,2020-03-11 14:07:34.054054,7818.540289819533,0
68,Male,Islamabad,133.18,69,Month-to-Month,3,2020-03-13 09:59:38.378378,9264.190683123768,0
40,Male,Lahore,51.04,28,Two Year,7,2020-03-15 05:51:42.702702,1420.9004617463547,0
32,Male,Peshawar,78.66,62,One Year,4,2020-03-17 01:43:47.027027,4871.059271313144,0
45,Female,Lahore,148.05,41,Month-to-Month,9,2020-03-18 21:35:51.351351,6077.1176763303465,1
51,Female,Islamabad,120.36,69,Two Year,7,2020-03-20 17:27:55.675675,8271.615065926388,0
19,Female,Lahore,23.53,41,Month-to-Month,8,2020-03-22 13:19:59.999999,978.1781757061657,1
49,Male,Islamabad,28.48,49,Month-to-Month,3,2020-03-24 09:12:04.324324,1407.718606913784,0
40,Female,Islamabad,80.31,49,Two Year,6,2020-03-26 05:04:08.648648,4009.189320659033,0
39,Male,Lahore,138.2,71,Month-to-Month,1,2020-03-28 00:56:12.972972,9802.730377874464,0
68,Female,Lahore,90.03,3,Two Year,5,2020-03-29 20:48:17.297297,303.82642730317536,0
42,Male,Karachi,84.72,10,One Year,7,2020-03-31 16:40:21.621621,839.2217359003974,1
39,Male,Peshawar,33.71,35,Month-to-Month,6,2020-04-02 12:32:25.945945,1211.8379720891123,1
39,Female,Islamabad,105.38,2,One Year,6,2020-04-04 08:24:30.270270,198.2570772104051,0
66,Female,Karachi,126.87,24,One Year,7,2020-04-06 04:16:34.594594,3073.5536493472605,0
69,Female,Lahore,69.45,38,Month-to-Month,6,2020-04-08 00:08:38.918918,2675.511791454422,0
59,Female,Peshawar,120.83,22,Two Year,4,2020-04-09 20:00:43.243243,2604.927193347109,0
23,Male,Karachi,145.38,26,Month-to-Month,6,2020-04-11 15:52:47.567567,3834.9987710335304,1
32,Female,Islamabad,46.49,43,One Year,9,2020-04-13 11:44:51.891891,1990.746130652599,0
60,Female,Karachi,88.03,55,One Year,2,2020-04-15 07:36:56.216216,4818.160165268692,0
54,Female,Islamabad,57.33,39,Two Year,4,2020-04-17 03:29:00.540540,,0
50,Male,Lahore,123.07,29,Month-to-Month,6,2020-04-18 23:21:04.864864,3583.9400139049117,1
25,Male,Peshawar,95.09,20,One Year,8,2020-04-20 19:13:09.189189,1901.5689155548241,0
61,Female,Peshawar,102.5,41,One Year,1,2020-04-22 15:05:13.513513,4221.0403592770845,0
61,Male,Peshawar,123.73,54,One Year,3,2020-04-24 10:57:17.837837,6700.931039215924,0
22,Female,Lahore,71.48,20,Two Year,6,2020-04-26 06:49:22.162162,1460.029232267509,1
56,Male,Islamabad,138.96,19,One Year,0,2020-04-28 02:41:26.486486,2779.054205807653,0
21,Male,Lahore,89.29,66,One Year,1,2020-04-29 22:33:30.810810,5895.124587866593,0
23,Male,Peshawar,40.53,30,Month-to-Month,8,2020-05-01 18:25:35.135135,1179.1713306713714,1
62,Male,Lahore,110.47,53,Month-to-Month,9,2020-05-03 14:17:39.459459,5753.919333383088,1
49,Female,Lahore,123.12,34,One Year,6,2020-05-05 10:09:43.783783,4126.314160090471,0
69,Female,Lahore,61.18,22,One Year,9,2020-05-07 06:01:48.108108,1407.7274325376457,0
47,Female,Islamabad,131.43,67,Month-to-Month,6,2020-05-09 01:53:52.432432,8841.806225338656,0
64,Male,Karachi,137.8,6,Two Year,5,2020-05-10 21:45:56.756756,759.3006976742504,0
52,Female,Karachi,56.0,27,Two Year,2,2020-05-12 17:38:01.081081,1635.210622049961,0
57,Female,Lahore,147.86,10,Two Year,9,2020-05-14 13:30:05.405405,1494.9382238830756,0
69,Female,Karachi,38.29,48,Two Year,2,2020-05-16 09:22:09.729729,1860.935835994017,0
33,Male,Karachi,46.26,70,Two Year,1,2020-05-18 05:14:14.054054,3350.411258996804,0
30,Male,Lahore,43.95,59,Two Year,5,2020-05-20 01:06:18.378378,2680.0227860414107,0
67,Male,Lahore,136.22,59,Two Year,3,2020-05-21 20:58:22.702702,8076.036873791608,0
59,Female,Peshawar,105.06,2,Two Year,4,2020-05-23 16:50:27.027027,251.58069704131276,0
47,Female,Karachi,39.77,29,Month-to-Month,2,2020-05-25 12:42:31.351351,1199.4692548085434,0
36,Female,Islamabad,77.24,68,Two Year,5,2020-05-27 08:34:35.675675,5240.271643414399,0
34,Male,Lahore,99.99,65,Two Year,2,2020-05-29 04:26:40.000000,6513.6896448772095,0
36,Male,Peshawar,30.85,26,Two Year,7,2020-05-31 00:18:44.324324,830.8160247037357,0
45,Female,Islamabad,134.71,10,One Year,8,2020-06-01 20:10:48.648648,1340.7608702810796,1
43,Male,Karachi,124.47,53,Month-to-Month,3,2020-06-03 16:02:52.972972,6548.639024514222,1
54,Male,Peshawar,85.68,59,Month-to-Month,8,2020-06-05 11:54:57.297297,5041.813479934567,0
43,Male,Lahore,145.73,22,Month-to-Month,6,2020-06-07 07:47:01.621621,3156.663369604704,0
40,Male,Islamabad,74.31,51,Two Year,2,2020-06-09 03:39:05.945945,3793.0286285436114,0
26,Female,Lahore,147.93,48,Two Year,6,2020-06-10 23:31:10.270270,7011.617142399675,0
29,Male,Karachi,106.83,21,One Year,0,2020-06-12 19:23:14.594594,2260.4819255253774,0
18,Male,Islamabad,102.51,22,Month-to-Month,2,2020-06-14 15:15:18.918918,2173.656275221592,0
18,Male,Karachi,41.57,30,Two Year,5,2020-06-16 11:07:23.243243,1226.9263470003496,0
64,Male,Karachi,134.65,25,Month-to-Month,3,2020-06-18 06:59:27.567567,3391.4550537240425,1
51,Female,Peshawar,75.57,28,One Year,6,2020-06-20 02:51:31.891891,2155.5173355756265,0
49,Female,Lahore,41.09,65,One Year,2,2020-06-21 22:43:36.216216,2704.4679604441753,0
65,Male,Islamabad,21.64,45,One Year,0,2020-06-23 18:35:40.540540,989.7866957236942,0
42,Male,Karachi,92.77,68,Month-to-Month,8,2020-06-25 14:27:44.864864,6252.3963342376255,1
57,Male,Karachi,88.56,7,Two Year,5,2020-06-27 10:19:49.189189,668.950417743338,0
62,Male,Islamabad,113.52,49,Two Year,7,2020-06-29 06:11:53.513513,5507.659931774744,1
18,Male,Karachi,135.73,9,One Year,2,2020-07-01 02:03:57.837837,1276.2987910227162,0
33,Male,Peshawar,30.32,36,Two Year,7,2020-07-02 21:56:02.162162,1122.9052378740853,0
56,Female,Peshawar,115.09,1,One Year,1,2020-07-04 17:48:06.486486,183.0350757369769,0
22,Male,Peshawar,44.36,10,Month-to-Month,3,2020-07-06 13:40:10.810810,444.84342420081487,1
39,Female,Peshawar,131.56,36,One Year,2,2020-07-08 09:32:15.135135,4695.2217946394485,0
46,Female,Karachi,126.48,46,Month-to-Month,9,2020-07-10 05:24:19.459459,5753.447373792037,1
20,Male,Islamabad,90.3,32,One Year,0,2020-07-12 01:16:23.783783,2830.5210332713536,0
29,Female,Islamabad,112.33,32,Two Year,6,2020-07-13 21:08:28.108108,3512.7212625696493,0
43,Female,Islamabad,60.87,6,Two Year,9,2020-07-15 17:00:32.432432,412.3201458468282,1
33,Female,Islamabad,81.25,48,One Year,1,2020-07-17 12:52:36.756756,3953.37084765162,0
68,Female,Lahore,126.81,38,Two Year,3,2020-07-19 08:44:41.081081,4846.464996262842,0
54,Female,Islamabad,79.7,17,Two Year,8,2020-07-21 04:36:45.405405,1353.2479543963361,0
39,Female,Lahore,66.51,27,Two Year,5,2020-07-23 00:28:49.729729,1898.8179718231258,1
46,Male,Lahore,84.25,54,Month-to-Month,7,2020-07-24 20:20:54.054054,4544.5925758518,0
31,Female,Peshawar,127.67,50,Two Year,1,2020-07-26 16:12:58.378378,6394.545840407195,0
45,Female,Lahore,63.58,35,Month-to-Month,6,2020-07-28 12:05:02.702702,2222.907424333544,1
22,Female,Karachi,42.59,25,One Year,5,2020-07-30 07:57:07.027027,1047.8345966768277,0
64,Male,Lahore,112.56,28,Two Year,8,2020-08-01 03:49:11.351351,3183.228724491555,0
66,Female,Peshawar,127.38,15,Two Year,6,2020-08-02 23:41:15.675675,1879.0251655397738,0
47,Male,Lahore,33.08,4,Two Year,0,2020-08-04 19:33:20.000000,97.291108674268,0
63,Female,Karachi,51.18,27,One Year,7,2020-08-06 15:25:24.324324,1415.9334692704676,0
69,Male,Karachi,38.46,26,Month-to-Month,9,2020-08-08 11:17:28.648648,975.079581671883,1
22,Male,Karachi,65.23,19,Month-to-Month,2,2020-08-10 07:09:32.972972,1246.044101403759,1
29,Female,Peshawar,78.55,17,Two Year,1,2020-08-12 03:01:37.297297,1318.2835940118237,0
33,Female,Peshawar,117.35,43,One Year,2,2020-08-13 22:53:41.621621,5045.472435088668,0
43,Male,Islamabad,104.65,41,One Year,5,2020-08-15 18:45:45.945945,4256.98554407667,0
43,Female,Peshawar,100.72,42,One Year,2,2020-08-17 14:37:50.270270,4198.210562362545,0
65,Male,Karachi,65.81,50,One Year,9,2020-08-19 10:29:54.594594,3249.513393909486,0
38,Male,Karachi,129.39,40,One Year,4,2020-08-21 06:21:58.918918,5217.766505493072,0
56,Male,Peshawar,81.27,39,Month-to-Month,5,2020-08-23 02:14:03.243243,3178.1242417125663,1
53,Male,Lahore,147.28,23,Month-to-Month,7,2020-08-24 22:06:07.567567,3433.3675411896834,1
50,Male,Peshawar,102.44,52,Month-to-Month,6,2020-08-26 17:58:11.891891,5378.149328227199,1
47,Female,Peshawar,36.41,47,Two Year,7,2020-08-28 13:50:16.216216,1688.274283643216,0
54,Male,Karachi,107.9,63,One Year,2,2020-08-30 09:42:20.540540,6841.7792492194285,0
40,Male,Islamabad,62.26,69,Two Year,3,2020-09-01 05:34:24.864864,4295.233963903328,0
27,Female,Karachi,109.22,43,One Year,5,2020-09-03 01:26:29.189189,4688.526324726037,0
22,Male,Islamabad,29.05,48,Month-to-Month,6,2020-09-04 21:18:33.513513,1457.0183548330388,0
53,Female,Karachi,42.73,34,Two Year,8,2020-09-06 17:10:37.837837,1480.5084231407716,0
51,Female,Peshawar,131.25,40,Month-to-Month,0,2020-09-08 13:02:42.162162,5232.378787246814,0
69,Female,Karachi,49.53,61,One Year,7,2020-09-10 08:54:46.486486,3045.769665776332,0
48,Male,Karachi,128.82,50,One Year,7,2020-09-12 04:46:50.810810,6377.714367391521,0
27,Male,Karachi,56.31,67,One Year,5,2020-09-14 00:38:55.135135,3785.135649056981,0
36,Male,Peshawar,103.57,62,Month-to-Month,3,2020-09-15 20:30:59.459459,6346.36042245709,0
49,Female,Peshawar,110.24,58,One Year,2,2020-09-17 16:23:03.783783,6344.7000187065905,0
18,Male,Peshawar,86.65,33,Month-to-Month,2,2020-09-19 12:15:08.108108,2888.6819849134563,0
22,Female,Peshawar,59.69,16,Two Year,5,2020-09-21 08:07:12.432432,821.5277001286595,1
62,Male,Islamabad,47.64,48,One Year,7,2020-09-23 03:59:16.756756,2376.845592953738,0
21,Female,Islamabad,24.31,10,One Year,6,2020-09-24 23:51:21.081081,284.82463603523007,0
33,Male,Lahore,59.51,38,One Year,0,2020-09-26 19:43:25.405405,2169.4533438755134,0
41,Male,Peshawar,104.91,19,Two Year,5,2020-09-28 15:35:29.729729,2113.2149303346614,0
33,Male,Islamabad,141.98,36,One Year,6,2020-09-30 11:27:34.054054,5244.985194624301,0
19,Female,Karachi,133.26,59,Month-to-Month,6,2020-10-02 07:19:38.378378,7853.315417050512,1
66,Female,Peshawar,119.59,63,Month-to-Month,8,2020-10-04 03:11:42.702702,7487.845546764988,1
45,Male,Lahore,122.5,46,One Year,9,2020-10-05 23:03:47.027027,5719.315178710143,0
49,Male,Lahore,106.45,3,One Year,4,2020-10-07 18:55:51.351351,302.1604931279871,0
44,Female,Lahore,53.84,65,Two Year,0,2020-10-09 14:47:55.675675,3507.651975390643,0
37,Female,Karachi,137.94,8,Two Year,1,2020-10-11 10:40:00.000000,,0
41,Female,Islamabad,107.2,51,Two Year,3,2020-10-13 06:32:04.324324,5459.52442681034,0
29,Male,Karachi,92.86,6,One Year,4,2020-10-15 02:24:08.648648,545.1072874841666,0
67,Female,Peshawar,34.43,39,Two Year,8,2020-10-16 22:16:12.972972,1279.150251139739,1
52,Male,Lahore,78.12,60,Two Year,0,2020-10-18 18:08:17.297297,4655.6728452131,0
50,Female,Karachi,79.85,28,Month-to-Month,2,2020-10-20 14:00:21.621621,2222.761507687196,0
50,Male,Karachi,132.39,54,Two Year,4,2020-10-22 09:52:25.945945,7087.131840548266,0
68,Female,Islamabad,91.06,37,Month-to-Month,2,2020-10-24 05:44:30.270270,3311.8232090895312,0
60,Female,Islamabad,69.45,9,Month-to-Month,3,2020-10-26 01:36:34.594594,626.7300658321996,0
54,Female,Lahore,146.98,56,Two Year,2,2020-10-27 21:28:38.918918,8138.394792716401,0
29,Female,Karachi,34.39,59,Month-to-Month,3,2020-10-29 17:20:43.243243,1985.0518492189335,0
20,Female,Karachi,74.93,2,One Year,0,2020-10-31 13:12:47.567567,247.08969967985112,0
18,Male,Islamabad,25.46,61,One Year,7,2020-11-02 09:04:51.891891,1535.7865676429963,0
50,Female,Karachi,116.19,58,Two Year,3,2020-11-04 04:56:56.216216,6715.483829589807,0
57,Female,Karachi,139.35,60,One Year,6,2020-11-06 00:49:00.540540,8343.502708274258,0
27,Female,Karachi,56.4,40,Month-to-Month,1,2020-11-07 20:41:04.864864,2239.2923809272834,0
60,Male,Islamabad,131.58,36,One Year,1,2020-11-09 16:33:09.189189,4765.62344349192,0
61,Female,Lahore,57.99,37,Two Year,5,2020-11-11 12:25:13.513513,2170.87330765889,0
46,Male,Peshawar,138.4,18,Two Year,1,2020-11-13 08:17:17.837837,2471.662079346774,0
30,Female,Lahore,118.02,63,Month-to-Month,5,2020-11-15 04:09:22.162162,7424.568128843102,0
29,Female,Peshawar,124.64,22,Two Year,1,2020-11-17 00:01:26.486486,2807.7186558995027,0
48,Male,Karachi,22.34,11,One Year,3,2020-11-18 19:53:30.810810,170.2247622764875,0
63,Female,Lahore,,58,Two Year,6,2020-11-20 15:45:35.135135,8416.980899172562,0
19,Male,Peshawar,114.47,57,Month-to-Month,7,2020-11-22 11:37:39.459459,6531.552327017562,1
68,Male,Islamabad,59.62,4,Two Year,2,2020-11-24 07:29:43.783783,199.64585699504423,0
67,Female,Islamabad,127.82,7,One Year,8,2020-11-26 03:21:48.108108,888.9831698254351,0
52,Male,Lahore,56.6,61,Month-to-Month,1,2020-11-27 23:13:52.432432,3407.016176959906,0
40,Female,Lahore,133.46,54,One Year,7,2020-11-29 19:05:56.756756,7238.698453535076,0
34,Female,Karachi,34.64,68,Month-to-Month,7,2020-12-01 14:58:01.081081,2288.609667224781,1
43,Male,Lahore,111.48,1,Two Year,3,2020-12-03 10:50:05.405405,164.59668312100297,1
25,Male,Karachi,90.29,55,Month-to-Month,0,2020-12-05 06:42:09.729729,4962.284742145523,0
46,Male,Karachi,32.55,3,Month-to-Month,0,2020-12-07 02:34:14.054054,75.24830702831446,0
43,Male,Islamabad,51.45,38,Two Year,1,2020-12-08 22:26:18.378378,1904.8651450172865,0
27,Female,Islamabad,21.61,1,One Year,8,2020-12-10 18:18:22.702702,73.14288979937324,0
43,Female,Peshawar,80.94,38,Two Year,1,2020-12-12 14:10:27.027027,3043.1268932983016,0
51,Male,Islamabad,59.16,29,Month-to-Month,1,2020-12-14 10:02:31.351351,1657.2775720252757,0
68,Female,Islamabad,97.79,5,Two Year,5,2020-12-16 05:54:35.675675,541.523165950406,0
58,Female,Lahore,,21,Month-to-Month,6,2020-12-18 01:46:39.999999,,0
24,Female,Islamabad,58.99,71,Two Year,6,2020-12-19 21:38:44.324324,4183.565884292776,0
21,Female,Peshawar,116.62,67,Two Year,8,2020-12-21 17:30:48.648648,7854.480188786863,0
67,Male,Lahore,26.26,47,One Year,5,2020-12-23 13:22:52.972972,1242.1178801390477,0
62,Male,Peshawar,137.38,35,Month-to-Month,7,2020-12-25 09:14:57.297297,4894.842577293499,1
28,Female,Islamabad,,68,One Year,5,2020-12-27 05:07:01.621621,8851.972481585615,0
46,Male,Peshawar,106.81,69,Month-to-Month,1,2020-12-29 00:59:05.945945,7359.364433170013,0
53,Male,Lahore,97.12,1,Two Year,0,2020-12-30 20:51:10.270270,90.46109298661591,0
42,Male,Karachi,136.0,68,Month-to-Month,4,2021-01-01 16:43:14.594594,9279.061747628699,0
38,Female,Peshawar,44.09,12,One Year,8,2021-01-03 12:35:18.918918,593.5111563919047,1
53,Female,Peshawar,30.27,60,One Year,7,2021-01-05 08:27:23.243243,1819.8808254814348,0
27,Female,Lahore,51.14,27,One Year,3,2021-01-07 04:19:27.567567,1373.8968084819858,1
54,Male,Lahore,123.3,56,Month-to-Month,4,2021-01-09 00:11:31.891891,,0
26,Female,Peshawar,24.51,23,One Year,4,2021-01-10 20:03:36.216216,569.3490594898348,0
41,Female,Islamabad,95.76,25,One Year,5,2021-01-12 15:55:40.540540,2361.4849995001773,0
52,Male,Peshawar,149.41,21,One Year,2,2021-01-14 11:47:44.864864,3168.5318155299387,0
66,Female,Lahore,131.24,61,Two Year,4,2021-01-16 07:39:49.189189,7985.155790539099,0
52,Female,Karachi,87.79,63,Two Year,1,2021-01-18 03:31:53.513513,5518.738097281497,0
65,Male,Karachi,28.27,52,Month-to-Month,9,2021-01-19 23:23:57.837837,1397.0265992708214,1
53,Male,Islamabad,128.08,25,Month-to-Month,0,2021-01-21 19:16:02.162162,3111.4273958118733,1
35,Male,Peshawar,97.87,55,One Year,0,2021-01-23 15:08:06.486486,5475.899352009181,0
66,Female,Karachi,34.94,46,Two Year,9,2021-01-25 11:00:10.810810,1613.7241954782635,0
56,Female,Peshawar,32.2,32,One Year,6,2021-01-27 06:52:15.135135,1050.6167738815304,0
49,Female,Lahore,138.25,55,One Year,1,2021-01-29 02:44:19.459459,7558.135251840862,0
41,Male,Karachi,107.0,5,Two Year,3,2021-01-30 22:36:23.783783,578.7761803589307,1
40,Male,Islamabad,127.81,36,Two Year,4,2021-02-01 18:28:28.108108,4635.916994795218,0
49,Female,Lahore,134.27,49,Two Year,6,2021-02-03 14:20:32.432432,6539.10864027886,0
54,Female,Islamabad,94.33,58,Month-to-Month,1,2021-02-05 10:12:36.756756,5418.164728207731,0
29,Male,Lahore,87.27,39,Month-to-Month,5,2021-02-07 06:04:41.081081,3366.903615808636,1
66,Male,Karachi,75.96,61,One Year,0,2021-02-09 01:56:45.405405,4632.145867564644,0
30,Male,Islamabad,61.2,9,Month-to-Month,6,2021-02-10 21:48:49.729729,559.1553501570113,0
40,Male,Islamabad,76.5,6,Two Year,8,2021-02-12 17:40:54.054054,460.9197004119325,0
42,Female,Lahore,120.6,35,Two Year,4,2021-02-14 13:32:58.378378,4285.936505432011,0
52,Male,Islamabad,98.25,39,Month-to-Month,4,2021-02-16 09:25:02.702702,3796.002157495197,0
58,Female,Lahore,136.03,22,One Year,3,2021-02-18 05:17:07.027027,2938.3269004485537,0
47,Female,Lahore,77.64,41,One Year,2,2021-02-20 01:09:11.351351,3183.2449510925912,0
34,Female,Lahore,98.92,5,Month-to-Month,8,2021-02-21 21:01:15.675675,409.9457592084527,1
66,Male,Lahore,102.07,42,One Year,4,2021-02-23 16:53:19.999999,4321.726874925531,0
37,Male,Karachi,96.92,67,One Year,7,2021-02-25 12:45:24.324324,6498.538163223807,0
65,Male,Lahore,111.34,30,One Year,8,2021-02-27 08:37:28.648648,3323.2980979545027,0
42,Male,Peshawar,50.87,57,Two Year,4,2021-03-01 04:29:32.972972,2879.912356337543,0
39,Female,Islamabad,86.61,29,Two Year,9,2021-03-03 00:21:37.297297,,0
30,Male,Peshawar,33.55,37,Month-to-Month,8,2021-03-04 20:13:41.621621,1285.2573967669264,1
36,Male,Karachi,69.99,13,Two Year,1,2021-03-06 16:05:45.945945,897.5514070793322,0
66,Female,Peshawar,83.4,32,One Year,8,2021-03-08 11:57:50.270270,2698.388441177894,0
53,Male,Islamabad,104.79,46,Two Year,3,2021-03-10 07:49:54.594594,4863.508523092017,0
29,Female,Peshawar,,23,Month-to-Month,5,2021-03-12 03:41:58.918918,3318.8863112812355,1
58,Female,Karachi,98.08,45,Two Year,5,2021-03-13 23:34:03.243243,4403.326749018564,0
36,Female,Lahore,116.67,17,One Year,5,2021-03-15 19:26:07.567567,2002.44838537453,0
29,Female,Peshawar,85.81,66,One Year,1,2021-03-17 15:18:11.891891,5611.505667853531,0
26,Female,Karachi,102.43,6,Month-to-Month,6,2021-03-19 11:10:16.216216,,1
24,Female,Karachi,29.22,18,Two Year,5,2021-03-21 07:02:20.540540,514.3036872186872,0
45,Female,Islamabad,53.07,22,Two Year,0,2021-03-23 02:54:24.864864,1148.0467188103266,0
31,Female,Islamabad,67.04,33,Two Year,1,2021-03-24 22:46:29.189189,2125.9939494068285,0
48,Male,Peshawar,81.42,30,One Year,6,2021-03-26 18:38:33.513513,2391.2201124293783,0
69,Male,Lahore,25.93,32,Month-to-Month,0,2021-03-28 14:30:37.837837,805.4652587937309,0
36,Male,Karachi,38.2,42,Two Year,0,2021-03-30 10:22:42.162162,1649.1519590319378,0
64,Male,Peshawar,55.99,10,One Year,0,2021-04-01 06:14:46.486486,574.1911745201993,0
33,Female,Karachi,146.3,36,One Year,7,2021-04-03 02:06:50.810810,5313.783712401395,0
22,Male,Karachi,63.08,34,One Year,3,2021-04-04 21:58:55.135135,2206.8656691200063,0
52,Female,Lahore,82.67,28,Two Year,3,2021-04-06 17:50:59.459459,2331.225457262475,0
29,Male,Lahore,45.49,11,Two Year,1,2021-04-08 13:43:03.783783,507.4046705340149,0
42,Male,Peshawar,99.4,39,Two Year,0,2021-04-10 09:35:08.108108,3827.95030016574,0
69,Male,Lahore,56.49,47,Two Year,9,2021-04-12 05:27:12.432432,2754.3635632286655,0
38,Female,Lahore,46.91,19,Two Year,8,2021-04-14 01:19:16.756756,820.3977964144905,0
53,Male,Peshawar,87.15,15,Two Year,6,2021-04-15 21:11:21.081081,1313.1867044104247,0
40,Female,Lahore,20.72,28,Two Year,3,2021-04-17 17:03:25.405405,621.799950177269,0
33,Female,Islamabad,21.0,24,Two Year,5,2021-04-19 12:55:29.729729,546.3368788765669,0
56,Male,Karachi,48.48,9,Two Year,1,2021-04-21 08:47:34.054054,378.5655454780338,0
62,Male,Karachi,24.77,47,One Year,6,2021-04-23 04:39:38.378378,1143.1948498566205,0
59,Male,Karachi,34.04,33,Two Year,1,2021-04-25 00:31:42.702702,1083.3722613941168,0
56,Female,Karachi,64.05,62,Month-to-Month,9,2021-04-26 20:23:47.027027,3872.078288521699,1
31,Male,Peshawar,124.34,19,One Year,7,2021-04-28 16:15:51.351351,2368.976337087248,0
48,Female,Karachi,94.37,67,Two Year,7,2021-04-30 12:07:55.675675,6286.909230188001,0
22,Female,Karachi,86.65,40,Month-to-Month,0,2021-05-02 07:59:59.999999,3541.274114235567,0
52,Male,Karachi,58.15,47,Two Year,7,2021-05-04 03:52:04.324324,2763.808721909433,0
40,Male,Karachi,141.13,65,Month-to-Month,1,2021-05-05 23:44:08.648648,9175.520097510704,0
46,Female,Islamabad,71.61,29,Month-to-Month,5,2021-05-07 19:36:12.972972,2053.0550233814565,1
60,Female,Karachi,31.32,50,Month-to-Month,0,2021-05-09 15:28:17.297297,1571.7558034892838,0
28,Female,Islamabad,100.22,13,Month-to-Month,4,2021-05-11 11:20:21.621621,1290.066309204211,1
35,Male,Peshawar,34.8,1,One Year,6,2021-05-13 07:12:25.945945,38.27695544465542,1
64,Female,Lahore,64.88,34,One Year,9,2021-05-15 03:04:30.270270,2301.0017885415987,0
29,Male,Karachi,85.96,48,Month-to-Month,0,2021-05-16 22:56:34.594594,4072.842192232616,0
26,Female,Lahore,133.65,48,Two Year,1,2021-05-18 18:48:38.918918,6406.7679065675875,0
27,Female,Lahore,84.16,49,Month-to-Month,6,2021-05-20 14:40:43.243243,4159.159420015111,0
61,Male,Peshawar,111.29,64,One Year,5,2021-05-22 10:32:47.567567,7102.552957910709,0
34,Female,Lahore,,61,Two Year,2,2021-05-24 06:24:51.891891,9172.29709203042,0
55,Male,Islamabad,37.09,29,One Year,9,2021-05-26 02:16:56.216216,1109.5329576505922,1
24,Male,Lahore,55.72,39,One Year,1,2021-05-27 22:09:00.540540,2137.1354792415186,0
63,Female,Lahore,71.29,26,Two Year,9,2021-05-29 18:01:04.864864,1863.7434351137492,1
30,Male,Lahore,74.84,17,Month-to-Month,3,2021-05-31 13:53:09.189189,1237.04956329061,0
57,Male,Karachi,,71,Month-to-Month,2,2021-06-02 09:45:13.513513,5173.697084282296,0
59,Female,Karachi,137.99,13,Month-to-Month,6,2021-06-04 05:37:17.837837,1786.860101014521,1
26,Male,Islamabad,112.82,69,Month-to-Month,7,2021-06-06 01:29:22.162162,7847.768058095089,1
67,Male,Islamabad,99.03,26,Two Year,1,2021-06-07 21:21:26.486486,2612.052251989236,0
44,Male,Karachi,60.22,49,Two Year,9,2021-06-09 17:13:30.810810,2949.651119675137,0
19,Female,Islamabad,127.09,67,Two Year,6,2021-06-11 13:05:35.135135,8554.08930974012,0
22,Male,Karachi,144.16,7,One Year,7,2021-06-13 08:57:39.459459,1022.5509355207914,1
46,Female,Peshawar,126.76,58,Two Year,5,2021-06-15 04:49:43.783783,7293.585348718736,0
54,Female,Lahore,20.2,49,Month-to-Month,5,2021-06-17 00:41:48.108108,982.5431190405844,0
55,Male,Lahore,102.73,53,One Year,9,2021-06-18 20:33:52.432432,5441.032020200927,1
36,Male,Islamabad,26.65,65,Month-to-Month,0,2021-06-20 16:25:56.756756,1770.3345168462981,0
25,Male,Karachi,53.49,62,Month-to-Month,3,2021-06-22 12:18:01.081081,3288.056474969895,0
65,Female,Karachi,27.74,17,Two Year,0,2021-06-24 08:10:05.405405,425.94677121696145,0
62,Male,Islamabad,98.49,43,Two Year,3,2021-06-26 04:02:09.729729,4232.79265216066,0
18,Male,Karachi,,25,Month-to-Month,1,2021-06-27 23:54:14.054054,2699.2287748002723,1
39,Male,Peshawar,34.88,3,Month-to-Month,4,2021-06-29 19:46:18.378378,88.4645390208182,1
69,Male,Lahore,,29,One Year,9,2021-07-01 15:38:22.702702,2023.0560213554438,0
34,Male,Islamabad,79.31,32,Two Year,8,2021-07-03 11:30:27.027027,2518.7677918137774,0
24,Female,Islamabad,67.98,26,One Year,9,2021-07-05 07:22:31.351351,1815.639137142641,0
42,Female,Karachi,35.73,16,One Year,2,2021-07-07 03:14:35.675675,642.394755300221,0
62,Male,Islamabad,74.46,25,One Year,7,2021-07-08 23:06:39.999999,1904.6455371479105,0
21,Male,Peshawar,117.65,54,Month-to-Month,2,2021-07-10 18:58:44.324324,6264.540141742257,0
53,Male,Karachi,,28,One Year,5,2021-07-12 14:50:48.648648,786.3413168849083,0
23,Male,Karachi,30.42,56,One Year,3,2021-07-14 10:42:52.972972,1694.5873940483903,0
48,Female,Karachi,66.12,65,Month-to-Month,7,2021-07-16 06:34:57.297297,4205.4863370324965,1
36,Male,Karachi,142.42,41,Two Year,5,2021-07-18 02:27:01.621621,5795.425414142535,0
61,Female,Peshawar,106.91,51,Two Year,7,2021-07-19 22:19:05.945945,5442.838501538372,0
56,Female,Karachi,108.23,71,One Year,0,2021-07-21 18:11:10.270270,7661.881295943547,0
44,Male,Islamabad,67.05,29,Month-to-Month,5,2021-07-23 14:03:14.594594,,0
27,Female,Peshawar,97.18,19,Two Year,0,2021-07-25 09:55:18.918918,1777.3785819361524,0
43,Female,Lahore,21.32,66,One Year,0,2021-07-27 05:47:23.243243,1384.1058824641584,0
36,Female,Lahore,102.69,41,One Year,7,2021-07-29 01:39:27.567567,4217.885487536329,0
56,Female,Islamabad,138.73,45,Month-to-Month,6,2021-07-30 21:31:31.891891,6243.3600735712425,1
20,Male,Islamabad,99.63,15,One Year,2,2021-08-01 17:23:36.216216,1516.794678882394,0
62,Male,Peshawar,133.58,3,Two Year,5,2021-08-03 13:15:40.540540,420.1687180998767,0
30,Female,Lahore,114.12,11,Month-to-Month,8,2021-08-05 09:07:44.864864,1234.964651562292,1
67,Male,Lahore,35.67,53,Two Year,6,2021-08-07 04:59:49.189189,1896.5159441537562,0
45,Male,Lahore,137.32,46,Two Year,2,2021-08-09 00:51:53.513513,6276.7203452652475,0
37,Male,Lahore,28.64,30,Two Year,5,2021-08-10 20:43:57.837837,845.6885840486357,0
45,Male,Lahore,89.42,57,One Year,3,2021-08-12 16:36:02.162162,5044.1591264025155,0
25,Male,Karachi,38.48,18,One Year,2,2021-08-14 12:28:06.486486,,0
58,Female,Islamabad,21.52,51,Two Year,8,2021-08-16 08:20:10.810810,1083.8452849734633,0
56,Male,Karachi,74.86,48,Two Year,9,2021-08-18 04:12:15.135135,,0
18,Male,Lahore,58.36,66,Month-to-Month,1,2021-08-20 00:04:19.459459,3867.334803434422,0
20,Male,Peshawar,83.18,8,Month-to-Month,0,2021-08-21 19:56:23.783783,621.1568869171884,0
30,Male,Peshawar,95.04,22,One Year,1,2021-08-23 15:48:28.108108,2103.4353299500763,0
45,Female,Lahore,25.69,6,One Year,6,2021-08-25 11:40:32.432432,194.62591325439226,0
66,Female,Lahore,35.99,57,Month-to-Month,9,2021-08-27 07:32:36.756756,2047.5509604198746,1
42,Female,Peshawar,92.62,36,Two Year,0,2021-08-29 03:24:41.081081,3338.021467617062,0
50,Female,Karachi,64.61,57,One Year,5,2021-08-30 23:16:45.405405,3655.1971345822462,0
55,Male,Karachi,114.79,49,Two Year,6,2021-09-01 19:08:49.729729,5625.915161323867,0
23,Female,Lahore,104.8,45,Month-to-Month,8,2021-09-03 15:00:54.054054,4727.894909440107,1
61,Male,Karachi,129.93,66,One Year,7,2021-09-05 10:52:58.378378,8546.439209294076,0
62,Male,Peshawar,110.02,45,One Year,5,2021-09-07 06:45:02.702702,,0
49,Male,Karachi,75.89,20,Month-to-Month,2,2021-09-09 02:37:07.027027,1582.1985249791596,0
62,Male,Lahore,107.49,64,One Year,7,2021-09-10 22:29:11.351351,6909.566025299237,0
64,Male,Peshawar,55.8,67,Month-to-Month,6,2021-09-12 18:21:15.675675,3711.2170947314307,0
38,Female,Karachi,59.82,3,One Year,2,2021-09-14 14:13:19.999999,190.44286285790275,0
33,Female,Islamabad,122.57,54,Month-to-Month,8,2021-09-16 10:05:24.324324,,1
38,Female,Peshawar,78.03,64,One Year,1,2021-09-18 05:57:28.648648,4895.066451304482,0
28,Female,Peshawar,123.79,40,Two Year,2,2021-09-20 01:49:32.972972,5005.8066543738905,0
54,Male,Islamabad,126.91,59,Two Year,1,2021-09-21 21:41:37.297297,7499.1675570130765,0
53,Female,Islamabad,131.48,55,Two Year,0,2021-09-23 17:33:41.621621,7229.014876525769,0
52,Male,Peshawar,139.16,62,One Year,3,2021-09-25 13:25:45.945945,8639.552860240648,0
36,Female,Islamabad,76.03,4,One Year,4,2021-09-27 09:17:50.270270,465.42658294598505,1
37,Male,Lahore,61.45,60,Two Year,5,2021-09-29 05:09:54.594594,3730.4547643122664,0
35,Male,Lahore,95.69,30,Two Year,4,2021-10-01 01:01:58.918918,2818.4279866812594,0
64,Female,Lahore,68.25,2,Month-to-Month,0,2021-10-02 20:54:03.243243,,0
58,Male,Peshawar,98.14,62,Month-to-Month,2,2021-10-04 16:46:07.567567,6137.406788167971,0
66,Male,Islamabad,111.73,49,Month-to-Month,0,2021-10-06 12:38:11.891891,5517.574792711501,0
31,Female,Islamabad,109.49,9,Two Year,4,2021-10-08 08:30:16.216216,1014.1630383775221,0
32,Male,Karachi,68.69,31,Two Year,4,2021-10-10 04:22:20.540540,2088.74604845503,0
48,Female,Karachi,41.69,61,Two Year,5,2021-10-12 00:14:24.864864,2561.2542694941985,0
18,Female,Islamabad,75.97,48,Month-to-Month,7,2021-10-13 20:06:29.189189,3610.392741562827,1
20,Female,Islamabad,38.54,25,One Year,9,2021-10-15 15:58:33.513513,996.6390943010481,1
33,Male,Islamabad,135.71,36,Two Year,0,2021-10-17 11:50:37.837837,4934.692845363617,0
40,Male,Peshawar,64.96,8,One Year,3,2021-10-19 07:42:42.162162,492.50636205852317,0
28,Male,Islamabad,40.08,58,One Year,9,2021-10-21 03:34:46.486486,2381.230508060771,0
29,Female,Karachi,23.31,45,One Year,0,2021-10-22 23:26:50.810810,1054.6926199781356,0
27,Male,Peshawar,103.96,62,Month-to-Month,8,2021-10-24 19:18:55.135135,6470.113660622099,1
49,Female,Islamabad,102.8,39,One Year,6,2021-10-26 15:10:59.459459,3943.71833181546,0
33,Female,Karachi,64.28,58,Two Year,6,2021-10-28 11:03:03.783783,3739.850725297745,0
25,Male,Peshawar,29.32,64,Month-to-Month,4,2021-10-30 06:55:08.108108,1842.7007806292665,0
55,Female,Islamabad,73.25,44,Two Year,6,2021-11-01 02:47:12.432432,3246.7316727007087,0
29,Male,Islamabad,60.46,29,Two Year,1,2021-11-02 22:39:16.756756,1826.698133482563,0
41,Male,Islamabad,108.03,59,Month-to-Month,3,2021-11-04 18:31:21.081081,6388.2460104658185,1
45,Male,Peshawar,98.75,71,Two Year,6,2021-11-06 14:23:25.405405,,0
25,Male,Karachi,67.4,9,Two Year,2,2021-11-08 10:15:29.729729,637.9233045888793,0
45,Male,Karachi,48.33,6,Month-to-Month,1,2021-11-10 06:07:34.054054,310.06943728938586,0
53,Female,Lahore,148.44,29,Two Year,9,2021-11-12 01:59:38.378378,4407.690087320016,0
43,Female,Islamabad,79.02,58,One Year,1,2021-11-13 21:51:42.702702,4595.858398045047,0
25,Female,Lahore,109.48,17,Two Year,0,2021-11-15 17:43:47.027027,1831.8862504387967,0
67,Male,Lahore,38.27,16,One Year,4,2021-11-17 13:35:51.351351,650.8520612823189,0
45,Male,Karachi,83.13,3,Two Year,5,2021-11-19 09:27:55.675675,243.0060963847203,0
45,Male,Peshawar,23.58,21,Month-to-Month,5,2021-11-21 05:19:59.999999,499.19254948558864,1
54,Female,Peshawar,85.71,64,Month-to-Month,8,2021-11-23 01:12:04.324324,5439.016198481222,1
58,Male,Karachi,145.32,36,Two Year,3,2021-11-24 21:04:08.648648,5225.398259359828,0
53,Female,Peshawar,69.95,62,Month-to-Month,0,2021-11-26 16:56:12.972972,4338.4402348745225,0
44,Female,Lahore,25.07,42,Two Year,5,2021-11-28 12:48:17.297297,1046.522566213156,0
34,Male,Islamabad,24.02,42,Month-to-Month,4,2021-11-30 08:40:21.621621,979.295631878459,0
26,Male,Karachi,70.44,61,One Year,9,2021-12-02 04:32:25.945945,4311.251456517265,0
50,Female,Islamabad,40.8,13,Two Year,5,2021-12-04 00:24:30.270270,484.2263791579083,0
37,Male,Peshawar,23.04,11,One Year,2,2021-12-05 20:16:34.594594,195.49026997380025,0
30,Female,Islamabad,118.31,54,One Year,1,2021-12-07 16:08:38.918918,6424.216808536322,0
45,Male,Peshawar,79.61,16,Two Year,5,2021-12-09 12:00:43.243243,1304.6475089043643,0
65,Male,Peshawar,57.6,8,One Year,0,2021-12-11 07:52:47.567567,395.4197759659824,0
46,Female,Lahore,137.01,59,Two Year,6,2021-12-13 03:44:51.891891,7992.112247678376,0
30,Male,Peshawar,35.1,57,One Year,6,2021-12-14 23:36:56.216216,1950.2628977301715,0
63,Female,Lahore,144.27,40,Two Year,9,2021-12-16 19:29:00.540540,5764.385050276341,0
52,Male,Lahore,60.82,59,Two Year,6,2021-12-18 15:21:04.864864,3646.097478738275,0
23,Female,Lahore,135.49,2,Month-to-Month,9,2021-12-20 11:13:09.189189,263.34277160937404,1
35,Female,Karachi,98.38,10,Two Year,0,2021-12-22 07:05:13.513513,945.3319475635984,0
68,Male,Karachi,127.47,44,Two Year,3,2021-12-24 02:57:17.837837,5616.109311454154,0
22,Female,Peshawar,147.92,11,One Year,6,2021-12-25 22:49:22.162162,1621.419194237521,0
64,Male,Lahore,57.49,2,Two Year,8,2021-12-27 18:41:26.486486,45.92963462735011,1
42,Male,Karachi,144.95,50,Month-to-Month,4,2021-12-29 14:33:30.810810,7178.746855754063,1
19,Male,Lahore,70.63,12,One Year,1,2021-12-31 10:25:35.135135,780.1501248942353,0
27,Female,Islamabad,70.12,23,One Year,6,2022-01-02 06:17:39.459459,1736.7525767453972,0
47,Female,Islamabad,64.25,18,Month-to-Month,9,2022-01-04 02:09:43.783783,,1
67,Male,Islamabad,90.38,62,One Year,0,2022-01-05 22:01:48.108108,5573.874197073232,0
62,Male,Peshawar,,62,One Year,6,2022-01-07 17:53:52.432432,2537.8933411414464,0
22,Female,Lahore,91.98,38,One Year,5,2022-01-09 13:45:56.756756,3466.837185616927,0
50,Male,Islamabad,90.42,67,One Year,6,2022-01-11 09:38:01.081081,6111.899019848687,0
18,Male,Karachi,119.05,38,Month-to-Month,9,2022-01-13 05:30:05.405405,4527.915322853472,1
35,Female,Islamabad,128.37,67,Month-to-Month,2,2022-01-15 01:22:09.729729,8567.847437510136,0
49,Male,Islamabad,77.26,61,One Year,2,2022-01-16 21:14:14.054054,4746.851017291449,0
64,Female,Islamabad,59.3,1,One Year,6,2022-01-18 17:06:18.378378,66.17597863618424,0
66,Male,Peshawar,53.71,45,Month-to-Month,1,2022-01-20 12:58:22.702702,2436.863388608966,0
28,Female,Karachi,45.3,28,Month-to-Month,0,2022-01-22 08:50:27.027027,1279.1753511592053,0
38,Male,Lahore,27.49,21,Month-to-Month,8,2022-01-24 04:42:31.351351,587.5407386435463,1
43,Male,Karachi,,13,One Year,8,2022-01-26 00:34:35.675675,878.7876944043372,0
42,Female,Lahore,55.13,27,One Year,6,2022-01-27 20:26:39.999999,,0
39,Male,Peshawar,145.63,7,Two Year,6,2022-01-29 16:18:44.324324,1081.8495950274778,0
44,Female,Peshawar,92.5,22,Month-to-Month,2,2022-01-31 12:10:48.648648,2045.9822580141522,0
66,Male,Peshawar,65.15,53,One Year,9,2022-02-02 08:02:52.972972,3437.4196542550217,0
30,Female,Peshawar,95.46,4,Month-to-Month,1,2022-02-04 03:54:57.297297,371.80325409990036,0
50,Female,Lahore,38.1,23,One Year,6,2022-02-05 23:47:01.621621,813.4935352694775,0
51,Female,Islamabad,77.73,70,Month-to-Month,8,2022-02-07 19:39:05.945945,5474.327177127661,0
58,Female,Lahore,101.41,33,One Year,0,2022-02-09 15:31:10.270270,3295.783865417083,0
52,Male,Karachi,83.56,28,Two Year,3,2022-02-11 11:23:14.594594,2321.057284397537,0
18,Male,Peshawar,72.23,8,Two Year,5,2022-02-13 07:15:18.918918,611.3574351451,0
38,Female,Peshawar,149.2,1,Month-to-Month,6,2022-02-15 03:07:23.243243,137.3337348101737,1
65,Female,Karachi,134.44,37,One Year,9,2022-02-16 22:59:27.567567,4949.665600473537,0
23,Female,Lahore,101.04,63,One Year,6,2022-02-18 18:51:31.891891,6305.645965694718,0
45,Male,Islamabad,94.02,22,Month-to-Month,9,2022-02-20 14:43:36.216216,2128.7063366152406,0
34,Male,Islamabad,100.69,70,One Year,1,2022-02-22 10:35:40.540540,7006.638906727356,0
22,Male,Karachi,46.17,21,Month-to-Month,3,2022-02-24 06:27:44.864864,940.2762086526026,1
48,Male,Islamabad,71.37,35,One Year,4,2022-02-26 02:19:49.189189,2408.363529008307,0
22,Female,Lahore,25.13,5,Month-to-Month,0,2022-02-27 22:11:53.513513,124.65694760960498,1
55,Female,Lahore,81.82,60,One Year,0,2022-03-01 18:03:57.837837,4892.535255681922,0
20,Female,Karachi,90.59,46,Month-to-Month,9,2022-03-03 13:56:02.162162,4176.232895848421,1
40,Male,Lahore,49.61,50,One Year,2,2022-03-05 09:48:06.486486,2421.7684161521215,0
54,Male,Peshawar,145.32,48,Two Year,9,2022-03-07 05:40:10.810810,7012.069039676757,0
54,Male,Karachi,138.23,6,One Year,2,2022-03-09 01:32:15.135135,737.4194723576941,0
27,Female,Lahore,113.88,56,Month-to-Month,7,2022-03-10 21:24:19.459459,6372.671125000879,1
27,Female,Karachi,89.34,59,Two Year,8,2022-03-12 17:16:23.783783,5276.83441415698,0
36,Male,Islamabad,133.1,29,One Year,0,2022-03-14 13:08:28.108108,3862.788700335304,0
34,Female,Lahore,36.98,71,Two Year,1,2022-03-16 09:00:32.432432,2633.4677435580134,0
38,Male,Peshawar,122.77,18,One Year,9,2022-03-18 04:52:36.756756,2249.2935842130437,0
31,Male,Lahore,36.23,2,Two Year,1,2022-03-20 00:44:41.081081,138.69493524865254,0
26,Female,Karachi,123.25,8,Month-to-Month,3,2022-03-21 20:36:45.405405,978.219603584353,1
63,Male,Karachi,55.85,54,One Year,1,2022-03-23 16:28:49.729729,2967.5078682430194,0
18,Female,Lahore,134.02,38,One Year,6,2022-03-25 12:20:54.054054,5120.795864114638,0
68,Male,Peshawar,142.73,48,Month-to-Month,8,2022-03-27 08:12:58.378378,6837.028030762789,1
62,Female,Peshawar,39.34,27,Two Year,6,2022-03-29 04:05:02.702702,1125.4109855811091,0
30,Female,Peshawar,80.15,20,Month-to-Month,5,2022-03-30 23:57:07.027027,1572.9016692813937,0
21,Female,Karachi,147.53,12,Month-to-Month,9,2022-04-01 19:49:11.351351,1727.4594555683611,1
18,Male,Lahore,82.84,43,Two Year,0,2022-04-03 15:41:15.675675,3569.309687547634,0
66,Male,Islamabad,132.26,61,Month-to-Month,9,2022-04-05 11:33:19.999999,7980.83911043815,1
57,Female,Karachi,96.54,31,One Year,8,2022-04-07 07:25:24.324324,2969.368564312086,0
49,Female,Peshawar,68.79,61,One Year,4,2022-04-09 03:17:28.648648,4179.697971169583,0
51,Male,Lahore,57.15,67,One Year,4,2022-04-10 23:09:32.972972,3840.0736160386336,0
45,Male,Peshawar,46.42,35,Month-to-Month,5,2022-04-12 19:01:37.297297,1574.88639518649,0
48,Male,Islamabad,119.03,15,One Year,8,2022-04-14 14:53:41.621621,1741.4749763866025,1
25,Female,Peshawar,,16,One Year,7,2022-04-16 10:45:45.945945,1181.84568453482,1
56,Male,Peshawar,86.47,13,One Year,7,2022-04-18 06:37:50.270270,1123.4369272707172,1
43,Male,Islamabad,84.0,35,One Year,7,2022-04-20 02:29:54.594594,2983.231859195148,0
51,Female,Lahore,95.05,59,One Year,0,2022-04-21 22:21:58.918918,5580.860629930827,0
20,Male,Karachi,132.53,21,One Year,0,2022-04-23 18:14:03.243243,2780.407451878956,0
67,Male,Lahore,147.5,54,Month-to-Month,7,2022-04-25 14:06:07.567567,7975.726721351461,0
29,Male,Islamabad,72.99,30,One Year,4,2022-04-27 09:58:11.891891,2277.077745381163,0
18,Female,Peshawar,127.58,48,One Year,8,2022-04-29 05:50:16.216216,6112.959090991426,1
61,Female,Lahore,119.39,35,Two Year,1,2022-05-01 01:42:20.540540,4170.336555313981,0
22,Female,Karachi,94.56,38,Month-to-Month,8,2022-05-02 21:34:24.864864,3648.187651386837,1
47,Female,Islamabad,144.29,31,Month-to-Month,7,2022-05-04 17:26:29.189189,4453.9994280757455,1
47,Female,Lahore,46.06,24,Month-to-Month,8,2022-05-06 13:18:33.513513,1119.6714595836377,1
34,Female,Karachi,34.2,49,Month-to-Month,3,2022-05-08 09:10:37.837837,1726.3479603209519,0
65,Female,Islamabad,131.02,32,One Year,0,2022-05-10 05:02:42.162162,4163.847906415053,0
64,Male,Karachi,77.09,55,One Year,0,2022-05-12 00:54:46.486486,4256.973122324182,0
40,Male,Islamabad,130.11,58,Two Year,4,2022-05-13 20:46:50.810810,7633.657535507252,0
32,Female,Peshawar,136.1,3,Two Year,1,2022-05-15 16:38:55.135135,454.3659024419076,0
54,Male,Lahore,28.12,69,Month-to-Month,7,2022-05-17 12:30:59.459459,1954.5266534842406,0
38,Male,Karachi,134.85,10,Two Year,9,2022-05-19 08:23:03.783783,1337.2839344083684,0
31,Female,Islamabad,78.28,25,Two Year,4,2022-05-21 04:15:08.108108,,0
19,Male,Karachi,86.36,68,Month-to-Month,4,2022-05-23 00:07:12.432432,5823.070703838209,1
28,Male,Karachi,101.46,61,Month-to-Month,1,2022-05-24 19:59:16.756756,6264.541197998284,0
68,Male,Lahore,140.43,29,Two Year,6,2022-05-26 15:51:21.081081,4138.2435522685,0
56,Male,Peshawar,22.49,19,One Year,7,2022-05-28 11:43:25.405405,394.45427612297107,0
55,Male,Karachi,81.99,43,Two Year,9,2022-05-30 07:35:29.729729,3542.454349903907,0
51,Female,Islamabad,109.4,66,Two Year,0,2022-06-01 03:27:34.054054,7225.966324925316,0
55,Female,Islamabad,113.95,61,One Year,1,2022-06-02 23:19:38.378378,7010.170773066204,0
67,Female,Peshawar,110.03,43,One Year,9,2022-06-04 19:11:42.702702,4750.430059915067,1
51,Male,Islamabad,37.48,25,Month-to-Month,3,2022-06-06 15:03:47.027027,935.8590619634825,0
35,Female,Peshawar,58.92,20,Month-to-Month,4,2022-06-08 10:55:51.351351,1151.3157198852161,0
47,Male,Islamabad,66.63,48,Two Year,1,2022-06-10 06:47:55.675675,3215.2833922562913,0
32,Male,Lahore,124.58,24,One Year,0,2022-06-12 02:39:59.999999,2972.510871451869,0
44,Male,Karachi,56.24,11,Month-to-Month,8,2022-06-13 22:32:04.324324,629.6742472564921,1
68,Male,Lahore,47.39,55,Two Year,0,2022-06-15 18:24:08.648648,2602.651446027084,0
51,Female,Karachi,144.47,28,One Year,3,2022-06-17 14:16:12.972972,4026.5354060064924,0
69,Female,Karachi,21.15,69,Two Year,1,2022-06-19 10:08:17.297297,1410.712961318409,0
55,Male,Karachi,149.72,63,Month-to-Month,3,2022-06-21 06:00:21.621621,9458.069762637366,0
50,Female,Lahore,107.99,59,Month-to-Month,7,2022-06-23 01:52:25.945945,6373.5385170689515,1
41,Male,Karachi,127.7,5,One Year,7,2022-06-24 21:44:30.270270,727.8710427733214,1
32,Female,Lahore,58.3,51,Two Year,8,2022-06-26 17:36:34.594594,2921.682758081119,0
47,Female,Peshawar,21.86,21,One Year,4,2022-06-28 13:28:38.918918,490.32490961164956,0
59,Male,Islamabad,115.92,12,Month-to-Month,6,2022-06-30 09:20:43.243243,1386.9076765986679,1
68,Female,Islamabad,128.44,50,Month-to-Month,2,2022-07-02 05:12:47.567567,6526.987919916328,0
34,Male,Karachi,116.26,4,Two Year,9,2022-07-04 01:04:51.891891,492.4885958530734,1
22,Female,Lahore,38.57,42,Two Year,3,2022-07-05 20:56:56.216216,1636.1744290817542,0
46,Male,Islamabad,117.95,38,Two Year,9,2022-07-07 16:49:00.540540,4478.09487825131,0
21,Male,Lahore,119.96,25,One Year,8,2022-07-09 12:41:04.864864,2963.843947266719,1
27,Female,Lahore,105.61,14,Two Year,9,2022-07-11 08:33:09.189189,1494.1096396320465,1
34,Female,Karachi,119.6,32,Two Year,9,2022-07-13 04:25:13.513513,3758.084869543162,1
27,Male,Islamabad,129.97,11,Month-to-Month,0,2022-07-15 00:17:17.837837,1362.8557955707515,1
34,Female,Karachi,99.77,61,Month-to-Month,1,2022-07-16 20:09:22.162162,6136.591921841474,0
37,Female,Karachi,31.52,18,Two Year,4,2022-07-18 16:01:26.486486,479.25379304779676,0
41,Male,Islamabad,83.39,27,Two Year,2,2022-07-20 11:53:30.810810,2235.551322085458,0
22,Male,Islamabad,30.09,55,Month-to-Month,1,2022-07-22 07:45:35.135135,1602.4936754370522,0
51,Female,Peshawar,72.98,54,Two Year,0,2022-07-24 03:37:39.459459,3920.796465380517,0
23,Male,Peshawar,72.92,21,One Year,9,2022-07-25 23:29:43.783783,1540.5472651169673,0
19,Male,Lahore,28.58,44,One Year,2,2022-07-27 19:21:48.108108,1306.7477645482086,0
30,Male,Islamabad,65.35,5,One Year,0,2022-07-29 15:13:52.432432,387.6316794866361,0
60,Female,Peshawar,34.43,41,Two Year,0,2022-07-31 11:05:56.756756,1365.6823390420589,0
60,Female,Lahore,125.07,59,Month-to-Month,0,2022-08-02 06:58:01.081081,7355.831903168661,0
65,Male,Lahore,143.2,54,Two Year,7,2022-08-04 02:50:05.405405,7935.427506110597,0
28,Female,Lahore,29.4,22,Two Year,2,2022-08-05 22:42:09.729729,634.2992657032319,0
68,Male,Peshawar,144.16,65,Month-to-Month,0,2022-08-07 18:34:14.054054,9326.289460200205,0
64,Female,Islamabad,87.93,64,Month-to-Month,6,2022-08-09 14:26:18.378378,5591.729961862929,1
40,Male,Karachi,58.94,71,Month-to-Month,9,2022-08-11 10:18:22.702702,4172.533004184534,1
33,Male,Lahore,29.99,4,One Year,2,2022-08-13 06:10:27.027027,100.32313186057704,0
48,Female,Peshawar,85.08,65,Two Year,7,2022-08-15 02:02:31.351351,5518.481493840256,0
28,Male,Peshawar,123.29,15,Month-to-Month,3,2022-08-16 21:54:35.675675,1848.278672313672,0
33,Female,Karachi,111.92,22,Two Year,3,2022-08-18 17:46:40.000000,2460.819606885342,0
25,Female,Karachi,26.53,47,One Year,4,2022-08-20 13:38:44.324324,1199.1356751364403,0
21,Male,Peshawar,29.48,46,One Year,5,2022-08-22 09:30:48.648648,1374.5465510578065,0
57,Male,Islamabad,72.37,14,Month-to-Month,6,2022-08-24 05:22:52.972972,1019.2323474940342,1
21,Female,Karachi,58.39,50,Month-to-Month,3,2022-08-26 01:14:57.297297,2944.329083527496,0
42,Male,Peshawar,50.21,20,Two Year,7,2022-08-27 21:07:01.621621,918.4772973137422,0
20,Male,Karachi,56.53,50,Month-to-Month,5,2022-08-29 16:59:05.945945,2834.342212184574,0
49,Male,Islamabad,124.45,33,Two Year,0,2022-08-31 12:51:10.270270,4007.5701842048998,0
20,Male,Lahore,140.8,59,Month-to-Month,0,2022-09-02 08:43:14.594594,8298.421455276171,0
44,Male,Karachi,72.66,43,Two Year,8,2022-09-04 04:35:18.918918,,0
46,Female,Islamabad,137.79,12,Two Year,9,2022-09-06 00:27:23.243243,1705.7689575801182,1
49,Female,Peshawar,61.79,40,Two Year,5,2022-09-07 20:19:27.567567,2488.32300320485,0
67,Male,Karachi,81.94,20,Two Year,9,2022-09-09 16:11:31.891891,1672.5695367646495,0
68,Male,Karachi,49.38,38,One Year,7,2022-09-11 12:03:36.216216,1861.4897518958771,0
36,Male,Peshawar,103.26,3,Two Year,6,2022-09-13 07:55:40.540540,284.3216115037519,0
38,Female,Lahore,147.27,28,Month-to-Month,5,2022-09-15 03:47:44.864864,4258.197908126187,1
22,Male,Peshawar,98.45,56,One Year,3,2022-09-16 23:39:49.189189,5554.55801559326,0
35,Female,Karachi,66.52,13,One Year,6,2022-09-18 19:31:53.513513,806.1108074267303,0
45,Female,Peshawar,104.22,66,Two Year,8,2022-09-20 15:23:57.837837,6791.78680392335,0
59,Female,Islamabad,35.98,37,One Year,9,2022-09-22 11:16:02.162162,1308.0065275468212,0
39,Male,Peshawar,135.53,49,Two Year,9,2022-09-24 07:08:06.486486,6700.563425315434,0
38,Female,Karachi,85.4,66,Month-to-Month,6,2022-09-26 03:00:10.810810,5638.836957701439,1
23,Male,Peshawar,78.42,36,Two Year,0,2022-09-27 22:52:15.135135,2711.9190088819355,0
18,Female,Lahore,96.16,54,One Year,9,2022-09-29 18:44:19.459459,5183.775328840504,0
22,Male,Peshawar,101.22,26,Month-to-Month,8,2022-10-01 14:36:23.783783,2631.5999224875723,1
58,Female,Lahore,,40,Two Year,3,2022-10-03 10:28:28.108108,1052.4166310267258,0
29,Male,Islamabad,108.74,43,Month-to-Month,2,2022-10-05 06:20:32.432432,4677.028307602509,0
43,Female,Lahore,51.45,22,Month-to-Month,3,2022-10-07 02:12:36.756756,1081.2315996204338,1
63,Male,Peshawar,112.81,20,One Year,3,2022-10-08 22:04:41.081081,2164.422679460584,0
51,Male,Karachi,126.93,8,Month-to-Month,9,2022-10-10 17:56:45.405405,1095.66537900827,1
66,Male,Lahore,124.51,29,One Year,1,2022-10-12 13:48:49.729729,3557.9098899607534,0
31,Male,Islamabad,91.83,40,Month-to-Month,0,2022-10-14 09:40:54.054054,3639.835763227186,0
43,Female,Lahore,87.62,30,Two Year,9,2022-10-16 05:32:58.378378,2594.5708556966665,0
62,Female,Lahore,38.57,55,Month-to-Month,0,2022-10-18 01:25:02.702702,2121.461937546215,0
44,Male,Lahore,120.79,16,Two Year,7,2022-10-19 21:17:07.027027,2020.9555303527939,1
26,Female,Islamabad,55.28,46,Two Year,1,2022-10-21 17:09:11.351351,2483.0706564882034,0
43,Male,Peshawar,84.57,62,Month-to-Month,9,2022-10-23 13:01:15.675675,5227.999824277569,0
64,Male,Lahore,56.96,7,Two Year,4,2022-10-25 08:53:20.000000,404.76309395131995,0
39,Female,Lahore,37.4,45,Month-to-Month,3,2022-10-27 04:45:24.324324,,0
64,Male,Karachi,101.84,59,Month-to-Month,7,2022-10-29 00:37:28.648648,5992.41567977107,1
47,Male,Islamabad,27.06,56,Two Year,1,2022-10-30 20:29:32.972972,1545.0849903374778,0
60,Female,Lahore,117.32,48,Two Year,9,2022-11-01 16:21:37.297297,5593.574750664675,0
65,Male,Islamabad,61.29,27,One Year,8,2022-11-03 12:13:41.621621,1637.8978745634909,1
34,Male,Lahore,20.02,53,Two Year,6,2022-11-05 08:05:45.945945,1039.4923036540356,0
43,Male,Peshawar,,35,One Year,6,2022-11-07 03:57:50.270270,3020.559665943283,0
53,Male,Peshawar,26.09,51,Two Year,0,2022-11-08 23:49:54.594594,1342.747585731162,0
18,Female,Lahore,55.9,37,Month-to-Month,1,2022-11-10 19:41:58.918918,2097.628038405344,0
25,Female,Peshawar,111.91,57,Two Year,3,2022-11-12 15:34:03.243243,6475.747715098117,0
66,Female,Lahore,28.15,8,Month-to-Month,3,2022-11-14 11:26:07.567567,92.2761784072894,0
52,Male,Peshawar,129.11,20,Month-to-Month,2,2022-11-16 07:18:11.891891,2573.830433039728,0
69,Male,Karachi,20.5,53,Month-to-Month,6,2022-11-18 03:10:16.216216,1018.2781963878904,0
32,Female,Karachi,52.09,12,One Year,7,2022-11-19 23:02:20.540540,605.8114999674548,1
64,Male,Karachi,116.32,49,Two Year,1,2022-11-21 18:54:24.864864,5743.723366534703,0
39,Male,Islamabad,61.12,17,Month-to-Month,3,2022-11-23 14:46:29.189189,1098.9296261071188,0
31,Male,Islamabad,33.25,64,Month-to-Month,2,2022-11-25 10:38:33.513513,2190.2357288409203,0
43,Male,Karachi,66.83,42,One Year,1,2022-11-27 06:30:37.837837,2868.6246257425214,0
45,Female,Islamabad,55.15,29,Two Year,5,2022-11-29 02:22:42.162162,1590.6532464189786,0
40,Female,Peshawar,129.55,19,Two Year,3,2022-11-30 22:14:46.486486,2531.3765137353585,0
31,Female,Lahore,60.74,11,One Year,5,2022-12-02 18:06:50.810810,747.9824897302921,0
41,Male,Lahore,122.56,50,One Year,1,2022-12-04 13:58:55.135135,6134.940022727075,0
19,Female,Lahore,135.94,71,Two Year,3,2022-12-06 09:50:59.459459,9710.601830078378,0
62,Female,Karachi,76.4,58,One Year,5,2022-12-08 05:43:03.783783,4433.26185092583,0
43,Male,Islamabad,138.29,34,Two Year,4,2022-12-10 01:35:08.108108,4772.371625777543,0
31,Male,Peshawar,69.05,20,Two Year,2,2022-12-11 21:27:12.432432,1372.916838131822,0
68,Female,Peshawar,145.33,50,Month-to-Month,7,2022-12-13 17:19:16.756756,7236.023975915342,1
24,Female,Karachi,31.61,10,Month-to-Month,6,2022-12-15 13:11:21.081081,260.1004284864192,1
20,Female,Peshawar,109.31,32,Two Year,2,2022-12-17 09:03:25.405405,3489.2385483381177,0
64,Female,Peshawar,84.2,52,Two Year,5,2022-12-19 04:55:29.729729,,0
40,Male,Peshawar,70.39,15,Two Year,3,2022-12-21 00:47:34.054054,1008.5573669312022,0
63,Female,Peshawar,102.25,3,Two Year,4,2022-12-22 20:39:38.378378,294.24457705021706,0
60,Female,Islamabad,111.5,37,Two Year,4,2022-12-24 16:31:42.702702,4099.1725345289615,1
64,Male,Peshawar,20.57,40,Two Year,6,2022-12-26 12:23:47.027027,,0
62,Female,Lahore,41.7,40,One Year,4,2022-12-28 08:15:51.351351,1719.794233077679,0
35,Male,Karachi,112.7,56,Two Year,2,2022-12-30 04:07:55.675675,6371.795180155289,0
55,Male,Islamabad,106.63,23,One Year,9,2023-01-01 00:00:00.000000,,0
