age,annual_income,monthly_spend,tenure_months,num_products,satisfaction_score,is_active_member,has_credit_card,gender,city_segment,customer_churn
22,63076.42126153335,332.9751224440605,58,3,3,0,1,Male,Urban,1
58,87560.37714698605,212.43020766329226,47,3,2,0,0,Female,Urban,1
52,19385.24309256154,332.0390873046675,46,2,5,0,0,Male,Urban,0
40,35067.226201933474,208.83390416216054,67,1,1,0,0,Male,Suburban,1
40,46542.27116209465,166.0478315817922,22,2,5,1,1,Male,Urban,0
62,94223.57733440658,352.80177045276565,58,3,2,1,1,Female,Rural,1
22,70651.73965838592,341.12901375290943,67,3,2,1,1,Female,Rural,1
54,80346.34480922454,401.0994759849306,43,4,3,1,1,Female,Urban,1
28,42196.78161747539,626.0209272984675,61,4,5,0,0,Female,Suburban,1
22,42609.282494589475,358.82053436951855,15,1,2,1,1,Female,Suburban,1
45,73956.27433445421,387.91144738897816,63,1,5,1,1,Male,Rural,1
68,66165.48661870894,169.14141395857445,43,2,2,1,0,Male,Suburban,1
56,75974.77637728253,139.83295832490757,20,4,2,1,0,Male,Suburban,1
57,61246.58018143096,541.5961225482667,10,4,4,0,1,Female,Urban,1
55,70562.87452909254,190.71283080933748,53,1,4,1,0,Male,Suburban,1
58,68162.38169810218,173.8478299943901,34,1,2,1,1,Male,Rural,1
44,80555.34778169851,314.5261510296826,26,3,1,1,1,Male,Suburban,1
24,81140.16563888942,307.3730621271656,31,3,2,0,1,Female,Urban,1
61,32602.560112164603,193.64908909793917,71,4,3,1,0,Male,Urban,0
41,20054.62889318289,277.303749380166,34,4,1,0,0,Male,Urban,0
44,85034.90795303014,492.1126004710146,11,1,1,1,1,Male,Rural,1
37,88754.50186523874,207.16089476354836,24,1,5,1,1,Female,Urban,1
27,44587.539609733256,124.88585218873598,15,3,1,0,1,Female,Suburban,1
66,27803.29186908743,451.9631069259709,51,3,3,1,1,Female,Suburban,1
58,66980.69642014401,388.92156767132514,58,4,4,1,0,Male,Urban,1
51,83616.76452701059,233.12739310918738,61,3,2,0,1,Male,Rural,1
38,100951.89044868629,98.4966177422315,47,3,3,1,0,Female,Rural,1
60,75325.95144202902,215.75273009860115,56,2,1,1,1,Male,Rural,1
46,57565.666068286104,312.341378841102,33,1,4,0,1,Male,Rural,1
41,47137.38756830274,483.1940925837347,47,4,4,1,1,Male,Rural,1
41,65229.025833413085,174.87852351824802,13,4,5,1,0,Female,Rural,0
29,59014.705922294874,308.1672165883937,41,1,5,1,1,Female,Suburban,1
22,44698.641885423676,414.52025238528574,42,3,2,0,1,Male,Rural,1
46,105975.11301726574,40.0,8,2,1,1,1,Female,Suburban,1
64,100703.36804144262,464.73006351144596,42,2,2,1,0,Male,Urban,1
21,87720.97367110857,154.45691989109878,53,4,1,0,0,Female,Suburban,1
62,46582.992043817445,366.4793690839708,30,4,3,0,0,Female,Suburban,1
61,82100.38648594558,354.53564094550416,41,1,1,0,1,Male,Urban,1
32,77792.52818995804,471.84209480493826,24,2,5,1,0,Male,Rural,1
50,73850.91248408105,397.12941332509564,23,4,4,1,1,Female,Rural,1
26,89993.30534087555,40.0,14,4,2,1,1,Male,Suburban,1
57,77707.42285722555,210.13090539816122,27,1,5,0,1,Female,Suburban,1
54,79800.28472608671,339.34871810945924,59,4,4,1,1,Female,Rural,1
36,77738.1256674442,292.70281594322984,67,2,3,0,0,Male,Suburban,1
21,71815.82816004212,386.8655021659479,47,3,1,1,0,Female,Rural,1
68,29327.777405716333,430.51131779375874,47,1,2,0,1,Male,Suburban,1
41,66672.42154821115,405.1832431001551,46,3,3,0,1,Female,Urban,1
64,53876.1608230175,290.0015080423749,37,3,4,1,0,Male,Rural,1
53,39403.18084719959,61.512818443132744,33,3,2,0,0,Female,Urban,1
58,98636.33238601648,256.2326251603256,46,4,4,0,0,Male,Urban,1
57,99579.90681771407,378.2915407394537,57,4,2,1,1,Female,Rural,1
28,92184.41200591224,167.33738464293313,33,4,2,1,1,Male,Rural,1
36,70104.2683371175,408.3784622170207,43,3,3,0,0,Female,Rural,1
42,92012.50241905314,447.1750616174226,37,4,1,1,0,Male,Rural,1
43,65241.06361203651,337.76137668141797,24,3,3,1,0,Female,Urban,1
20,69055.94553795559,40.0,25,3,2,1,1,Male,Rural,1
46,43130.57259076034,141.06762922034753,11,3,2,0,1,Male,Suburban,1
26,72939.8260899768,584.0664821978514,35,4,4,1,1,Male,Urban,1
56,66207.71856848834,243.4847089760271,53,1,2,0,0,Female,Suburban,1
53,38946.957663310706,42.21994876194054,51,3,4,1,1,Male,Urban,0
65,63976.05776366806,492.93463436343814,71,2,4,1,1,Female,Suburban,1
56,63405.40872286383,321.8697828161142,8,4,4,0,0,Female,Suburban,1
37,100951.2233328928,474.69166845408154,56,1,2,1,0,Male,Urban,1
68,82884.2665702682,358.77421453071116,58,3,5,1,1,Female,Rural,1
39,65228.90878182932,384.19827906970363,34,1,2,1,0,Female,Suburban,1
34,69975.74619602166,370.82129468003234,24,4,2,0,1,Male,Rural,1
65,65884.24756208395,417.64836366894,29,4,5,1,1,Female,Suburban,1
37,60941.720304089045,638.8402627978537,51,1,2,1,1,Female,Suburban,1
21,43351.456052234265,455.94088703428633,62,4,4,1,1,Male,Rural,1
42,61978.96244786141,98.7524955016251,48,2,1,1,0,Female,Urban,1
59,50078.03486694973,382.5326121390465,39,4,4,1,0,Male,Rural,1
27,39993.689221537075,479.8073075344505,49,3,5,1,1,Male,Urban,1
42,75224.43629095069,488.37811291506046,10,1,4,1,0,Female,Rural,1
24,72825.2931986647,260.27530237172607,46,1,3,1,1,Male,Suburban,1
53,29265.849772638445,483.09222232633783,8,2,5,0,1,Male,Suburban,1
42,62546.30725009745,449.88393593716876,69,1,2,0,0,Male,Urban,1
35,84914.02771799847,680.1524411757622,64,1,2,1,1,Female,Suburban,1
29,86184.47477792641,214.99975692520837,39,4,1,1,1,Female,Suburban,1
47,85516.73685770477,248.9639193039405,30,4,4,1,1,Female,Rural,1
52,65778.26413802919,277.14333321560645,54,2,4,0,1,Male,Rural,1
66,48099.093440616976,251.36889899457145,48,1,4,1,0,Male,Suburban,0
40,43326.02345283879,195.39709503309558,52,1,4,1,1,Male,Suburban,0
26,71892.09809500715,40.0,40,4,1,1,1,Male,Suburban,1
61,72585.60068730326,259.1420736787612,21,2,4,1,1,Female,Suburban,1
50,90746.6222321013,371.7101283579866,10,1,4,1,0,Male,Urban,1
54,86999.59300684166,250.9489416291725,24,2,2,1,1,Female,Urban,1
23,62355.426869376555,590.9533656940754,40,2,3,0,1,Male,Rural,1
34,40115.88242278261,321.8726137802208,33,3,5,0,1,Male,Urban,1
57,58617.86805978204,500.74406772577896,39,2,3,0,1,Female,Suburban,1
61,69344.6238962105,356.5988577821956,24,4,4,0,1,Female,Rural,1
40,60958.33509221192,435.6970233850561,67,3,3,1,1,Male,Suburban,1
59,53442.11783844688,359.0938175506987,30,4,4,0,1,Male,Suburban,1
61,70057.69629939798,511.6298484664988,61,2,4,0,1,Male,Rural,1
38,54920.84517178779,327.8315090185361,31,3,4,0,0,Female,Urban,1
64,52438.678325492525,389.45689913243,35,2,4,0,1,Female,Suburban,1
32,71229.0566860688,371.2866107110061,45,3,5,1,1,Female,Urban,1
30,56960.148397415905,279.64003586217535,23,3,2,1,1,Female,Suburban,1
53,69882.08777956704,376.69752464945475,20,2,5,1,1,Female,Urban,1
51,70464.08045704245,632.8140744676755,31,4,4,1,0,Male,Rural,1
25,42211.4199781685,282.1444281066381,59,4,3,1,0,Male,Suburban,1
61,55375.17752269175,378.72508499945474,15,4,2,1,0,Female,Urban,1
28,93755.53879832925,496.08905312172203,34,1,3,1,1,Male,Suburban,1
59,41758.40974531426,479.6354593321993,50,3,4,0,1,Male,Suburban,1
18,22666.91102058938,321.6402984807111,52,1,2,0,1,Female,Suburban,1
59,27763.09693514977,40.0,34,1,2,0,0,Female,Urban,0
58,65582.19893153338,392.33839461078526,11,4,5,1,1,Male,Suburban,1
58,65618.34556065398,40.0,7,1,3,0,0,Female,Urban,1
52,62647.78289149758,525.7912123317724,37,4,4,0,1,Female,Urban,1
42,89283.79657857004,343.7263419670565,59,2,1,0,1,Male,Suburban,1
54,15000.0,459.9543627820784,7,2,1,0,0,Male,Suburban,1
32,72918.67748861648,193.70444065465284,64,1,5,1,1,Female,Urban,1
58,96228.76403607146,102.6489537379924,50,3,1,1,1,Male,Urban,1
46,42444.38470216572,356.5056137797634,6,3,4,0,1,Female,Suburban,1
41,57403.8697642021,315.2955184061401,28,2,5,0,0,Male,Rural,1
44,49942.16165542758,251.18428433799681,20,4,3,1,1,Male,Rural,1
47,47113.079078449424,331.85257930258695,68,2,5,1,0,Male,Urban,1
19,58474.7598995392,707.4410248845163,42,3,3,1,1,Male,Rural,1
25,93549.7056736901,436.83357663166805,27,2,5,1,1,Female,Suburban,1
30,101747.7335097504,466.92980482086466,24,3,2,0,1,Male,Suburban,1
23,58281.215499197046,438.1511648174698,43,1,3,0,1,Male,Urban,1
40,103101.20428128939,527.124700139307,6,2,2,1,0,Male,Urban,1
52,65711.52953969249,293.3899657938957,22,3,4,1,0,Female,Rural,1
52,100073.82053402162,40.0,16,3,1,1,0,Female,Urban,1
42,63134.02700693016,293.5979413791586,46,2,5,1,0,Female,Urban,1
62,67621.15652092289,433.64299939951024,50,3,1,1,1,Female,Urban,1
47,72309.4894528567,184.2279446838897,36,3,2,0,1,Female,Rural,1
22,128577.07358735071,295.3087669314938,15,2,3,0,0,Female,Rural,1
57,82025.71149689578,223.15223597967616,30,1,1,1,1,Female,Urban,1
47,50854.70940097073,530.2840952580383,61,3,3,0,0,Male,Rural,1
51,84379.95740551715,424.9239821569189,19,4,5,0,1,Female,Rural,1
47,57763.349258313174,411.21568689015425,16,4,5,1,1,Female,Suburban,1
46,55204.99634197581,407.024183836936,13,3,1,0,1,Female,Suburban,1
22,83172.02719784222,314.7851046427022,59,4,3,0,1,Female,Urban,1
47,65621.71175542305,347.6578795538505,13,4,3,0,1,Male,Urban,1
59,70571.51829023613,154.07415872547554,44,3,1,1,1,Male,Rural,1
33,65279.70443730585,40.0,71,1,4,1,1,Female,Urban,1
49,71731.66253210869,341.0113582483034,48,3,3,1,1,Male,Suburban,1
19,73499.31794872298,365.35863587810024,33,3,4,1,1,Female,Suburban,1
36,26260.66134589169,489.29703957955286,19,2,2,1,1,Female,Urban,1
40,78331.45337219068,539.9870142515315,6,4,2,0,1,Male,Rural,1
69,45359.61160339399,539.7997878998526,16,4,4,1,0,Male,Rural,1
29,36154.017288811774,180.2766969388571,68,2,4,1,1,Female,Rural,0
32,63831.77512282635,270.6828951070323,15,2,1,0,1,Male,Suburban,1
39,66679.62006628909,387.24680142339315,7,1,2,1,1,Male,Urban,1
69,51129.87670855438,674.4666548839048,59,1,3,1,1,Male,Urban,1
62,81620.63715335948,527.2138885199482,33,2,5,0,1,Female,Suburban,1
19,38156.49667258186,476.71560267977327,29,2,2,1,1,Male,Rural,1
30,56861.12502454882,265.7096862230993,53,2,2,1,1,Male,Urban,1
60,53302.51730133999,196.35205163828255,40,1,5,0,1,Male,Rural,1
21,64068.25459321321,430.44710367365354,66,2,4,1,1,Female,Urban,1
62,70577.28569294477,165.90742300718958,36,3,5,1,1,Male,Rural,1
32,44842.141007529106,286.6189108627576,53,2,4,1,1,Male,Suburban,1
65,79485.65354912456,303.93108713973083,64,3,5,0,1,Male,Suburban,1
33,66260.047366694,543.0076924771931,36,2,1,1,1,Female,Suburban,1
40,27161.07493376179,270.3423775856451,24,3,2,0,0,Male,Suburban,1
52,25828.17119205938,40.0,70,3,2,1,1,Male,Urban,0
24,64753.614141413775,390.62225067274557,20,4,1,0,1,Male,Suburban,1
46,60580.65364427292,222.1369405654503,8,1,4,1,1,Female,Rural,1
44,62931.59772850733,325.96834342128454,44,4,4,1,1,Male,Urban,1
58,64440.35086939564,307.8613418821027,71,2,1,1,1,Male,Rural,1
69,69511.19679020361,281.68144058551246,11,1,1,0,0,Female,Suburban,1
52,83952.99219696599,430.64768144985857,62,3,1,1,0,Female,Rural,1
39,42777.901981648836,105.39891703062099,60,1,3,1,1,Female,Rural,0
39,41560.568141984106,247.61800850638957,67,1,3,1,1,Male,Urban,1
39,43133.52284225235,415.7653078364334,33,4,2,1,0,Female,Urban,1
60,70778.33334337414,234.02813145178845,22,1,5,0,1,Male,Rural,1
34,89898.94757292891,94.76706070220393,39,3,2,1,1,Female,Urban,1
26,56373.21123520979,413.59774805594304,15,1,3,1,0,Male,Suburban,0
35,15000.0,477.23324826181545,61,1,3,1,1,Male,Rural,0
19,30920.142747792488,313.70067092997914,49,1,2,1,1,Female,Suburban,0
23,48339.26554407977,45.48161621426544,37,1,5,1,1,Female,Urban,0
22,53845.422250095704,418.8357645378343,40,2,5,1,1,Male,Urban,1
58,56832.22745490547,87.61569660124368,53,2,1,1,1,Male,Rural,1
55,65771.62245961835,363.2318987587432,40,1,3,0,1,Female,Rural,1
54,58765.073383551055,195.75506453609762,61,2,1,1,1,Female,Suburban,1
42,85986.79221086815,157.62249999262485,67,2,3,0,1,Male,Suburban,1
55,51479.653886372624,258.13259760884335,68,3,4,1,1,Female,Rural,1
26,47753.64081048914,294.33834210018364,46,4,3,1,0,Female,Rural,1
64,74577.51077040924,229.81084494589726,55,3,2,1,1,Male,Suburban,1
44,34287.15860147761,402.4184589501211,26,4,2,1,0,Male,Suburban,1
66,72793.83410640004,257.5502870157633,8,1,2,0,1,Male,Rural,1
25,67051.06367452534,457.2267220340551,32,1,2,0,1,Male,Rural,1
43,62051.15020163665,359.3642431900871,63,4,2,0,1,Male,Suburban,1
54,96765.52214298525,222.34199107651688,14,2,4,0,1,Male,Rural,1
43,52555.851094105645,198.76841626347996,42,4,1,1,1,Male,Urban,1
41,106205.96341048158,89.35051813335858,18,2,1,1,0,Male,Rural,1
26,60491.37101543802,360.70264490135514,34,1,3,0,0,Male,Urban,1
37,39459.67110059544,270.35774338480985,15,4,4,1,0,Male,Urban,0
30,66398.3916198965,40.0,54,3,2,1,1,Male,Suburban,1
33,43475.095993624636,244.99991781228397,59,4,2,0,1,Male,Urban,1
53,49964.88304372999,193.8552359043067,56,2,4,0,1,Female,Suburban,1
50,72940.66600030982,540.5948629038925,52,1,2,0,1,Female,Rural,1
49,76111.6417730025,81.61099433493663,21,3,4,1,0,Male,Rural,1
36,52556.64599491484,118.21088803723248,41,1,1,0,0,Female,Suburban,1
67,84748.10290092802,475.39575003479797,12,3,1,1,1,Female,Suburban,1
22,88150.15516042267,509.94684204495485,30,2,3,1,0,Male,Suburban,1
35,93726.03513126582,215.7023885784102,39,4,2,1,0,Male,Urban,1
24,75588.26814251444,231.50798480675246,50,4,4,0,1,Female,Rural,1
35,92268.57424171397,406.2729555174638,12,2,3,0,0,Female,Urban,1
68,27384.031440518847,40.0,59,4,2,0,1,Male,Suburban,0
37,58641.869027430745,59.43288416922212,36,1,1,1,1,Male,Rural,1
65,47659.89487353148,280.69732388090034,64,1,1,1,1,Male,Rural,1
43,67384.51722254785,536.9846792580777,40,4,4,1,1,Male,Suburban,1
54,53571.015616065255,258.99778765665644,42,3,2,0,1,Male,Urban,1
41,61676.84316100535,334.13115084292167,51,2,3,1,0,Male,Rural,1
31,102643.49760408099,478.73049815896167,60,1,5,1,1,Male,Rural,1
57,61605.60407159243,614.9638626589405,16,2,5,0,1,Male,Suburban,1
68,73275.84634380428,239.24121375923625,39,3,2,1,1,Male,Urban,1
31,60354.61340151529,317.64285867732036,7,4,1,0,1,Female,Suburban,1
58,66514.26575913667,575.0877309879979,37,4,4,1,0,Female,Suburban,1
31,65120.33360872143,106.89210147320003,59,2,4,0,1,Male,Rural,1
55,73966.48131946319,463.8613498775351,63,2,2,1,0,Female,Rural,1
59,88306.15071094353,177.43582546942383,24,1,3,1,1,Female,Urban,1
41,97947.87995206658,334.34613139444195,31,1,1,1,1,Female,Urban,1
56,71192.40163818334,286.0333333639616,42,2,4,1,1,Male,Rural,1
32,76790.93772071204,185.8783759018279,32,3,4,0,1,Male,Urban,1
22,41982.70981628866,182.3657301278415,17,1,2,1,0,Male,Suburban,0
23,63242.46515168759,358.69801099552564,26,2,3,1,1,Male,Urban,1
41,83805.78929767178,459.3755059427755,32,3,2,0,1,Female,Suburban,1
64,82319.37276834306,301.83693155360953,40,4,1,1,1,Female,Suburban,1
24,69232.19465590101,329.8158422226503,66,4,1,0,0,Male,Urban,1
41,82727.87919135904,399.9643692807466,41,2,5,0,1,Male,Suburban,1
54,74815.33417987637,183.97337177818562,31,2,3,1,1,Female,Suburban,1
28,89006.12516518643,423.5569511778092,49,4,1,0,0,Male,Urban,1
55,70787.18313914222,434.7080335883646,57,3,1,1,1,Female,Rural,1
33,57886.03368857931,684.5076818250574,34,2,2,1,1,Male,Rural,1
60,71716.82513866047,267.3454133216585,38,3,5,1,1,Male,Suburban,1
48,15000.0,255.86854776646214,20,1,2,0,1,Male,Urban,0
46,72657.714727701,427.65522202032435,63,2,5,0,0,Male,Suburban,1
27,15000.0,434.67458364769936,63,2,3,1,1,Female,Suburban,0
42,30530.731851891636,245.0877985272603,17,4,4,0,0,Male,Suburban,1
62,74035.37201881967,263.5572252297932,28,1,4,1,1,Male,Suburban,1
19,74550.58674533591,395.75831735052566,23,4,1,0,1,Male,Rural,1
57,41751.424397201394,204.1382062971474,66,2,1,0,1,Male,Urban,1
43,50757.959162421226,262.5252416778979,10,1,5,0,1,Male,Urban,1
55,92410.81977228264,332.54298743158085,19,3,5,0,1,Female,Urban,1
52,55319.39736854647,459.43141587511616,26,3,1,0,1,Female,Urban,1
40,109858.4062480597,235.3561937348643,42,1,4,1,1,Female,Rural,1
34,64961.60293647308,62.06617531570595,22,1,5,0,0,Male,Rural,1
50,73160.72353762534,51.676354547450444,41,1,5,0,1,Male,Suburban,1
25,97337.48796997215,143.68217066114133,55,2,2,0,0,Male,Rural,1
48,67620.54232386839,136.15651945200878,60,1,5,1,1,Male,Urban,1
22,44953.120386183975,298.3544937932127,12,3,4,0,1,Female,Urban,1
51,62805.4509661142,153.5567784963353,15,1,5,1,1,Female,Rural,1
50,64287.785276198185,221.61430562503142,12,4,1,1,0,Male,Suburban,1
22,37705.16695596869,211.62797610251303,66,4,4,1,1,Male,Suburban,0
57,59883.358573183534,258.3288994812809,49,3,1,1,1,Male,Rural,1
39,50156.15812005127,505.15060641323714,41,4,2,0,1,Male,Urban,1
58,83487.15514374868,412.67266252027235,58,4,1,1,1,Female,Rural,1
20,65692.23748370512,322.25811813864055,44,1,3,0,0,Male,Rural,1
27,59344.0850170486,255.45632071868266,21,2,5,0,1,Female,Suburban,1
43,62876.36138754847,259.347428072777,39,4,4,1,0,Male,Suburban,1
27,69462.44036812332,365.8845057932729,52,2,2,0,1,Female,Urban,1
35,77336.2839937956,401.7836702693206,8,3,3,1,1,Female,Urban,1
52,45005.75542661238,192.93354914591595,46,4,2,0,1,Male,Urban,1
25,44168.247347574565,325.1073057859924,38,4,4,0,1,Female,Rural,1
53,87093.5843080506,40.0,10,2,2,1,1,Male,Urban,1
23,56753.262555905385,349.6399297838836,23,2,1,0,1,Female,Urban,1
27,36663.15814806252,426.70089387421604,35,1,3,1,1,Male,Urban,1
48,73876.2541876621,280.79039223667746,28,2,5,1,1,Female,Urban,1
59,74267.39612065374,574.3137794596148,25,2,3,0,1,Female,Urban,1
26,34385.69485486587,196.62661735895296,48,2,2,1,0,Female,Urban,0
33,69589.63430927212,350.44165814245656,32,2,1,0,1,Male,Rural,1
66,79711.66184856747,314.98453546676626,38,4,5,1,1,Female,Rural,1
69,72487.72903412527,305.9583265579228,58,4,4,1,1,Male,Suburban,1
48,77639.6296752279,303.99489647933535,12,3,1,0,1,Female,Rural,1
41,36914.61803818501,334.99470420132604,29,1,1,1,1,Female,Suburban,1
36,71620.80309992391,438.714224084918,10,2,1,0,0,Male,Rural,1
49,58947.60481059107,512.8830730784642,67,3,2,1,1,Male,Rural,1
48,55344.196825507104,319.68496576941794,18,1,5,0,0,Male,Urban,1
33,82411.11218839453,434.14425010402863,60,2,1,0,1,Female,Suburban,1
19,94585.4902134846,221.75262752265047,18,3,5,1,0,Female,Rural,1
25,100887.40109200717,427.2337633816726,27,4,1,1,1,Female,Urban,1
67,91296.1574301181,213.32118666422136,46,4,4,1,0,Male,Suburban,1
39,62805.31636739633,472.6923910523385,60,2,2,0,1,Female,Suburban,1
43,72054.40326052686,629.4897228350535,17,2,5,1,1,Male,Urban,1
42,80336.45743568488,302.90825568400516,20,2,3,1,1,Male,Urban,1
58,67423.55898598924,40.0,64,3,2,0,1,Male,Urban,1
21,67615.28375823089,243.2697893457248,27,2,2,1,1,Male,Rural,1
22,81475.06263752365,492.4625188005025,19,2,5,1,1,Female,Rural,1
32,63814.347079481355,397.4307501835343,55,1,3,1,1,Male,Suburban,1
43,50414.26127252677,354.84790381450415,12,2,2,1,0,Male,Urban,1
52,56710.53868328283,461.21356983367747,63,1,4,0,1,Male,Urban,1
43,77678.20755467485,387.82348149477906,63,3,3,0,0,Male,Suburban,1
40,65059.86582399911,490.4815262431591,62,4,4,0,1,Female,Urban,1
66,71804.19953736676,448.71931473057793,25,4,3,0,1,Male,Suburban,1
26,78401.5848440438,533.0380633831742,13,2,1,1,1,Male,Rural,1
47,57503.170742047805,370.2314517468756,34,4,1,1,1,Male,Urban,1
46,80124.96327259613,446.73631620915364,28,4,1,0,1,Female,Suburban,1
42,72576.85206916789,277.00220976799005,69,2,3,0,1,Female,Rural,1
59,40303.73826177043,235.79548638173918,47,4,3,0,1,Female,Suburban,1
31,93846.09582372489,558.9474696586562,68,2,4,1,1,Male,Rural,1
67,54985.10512486168,350.26865468517633,55,4,5,0,1,Male,Rural,1
35,31898.093136296324,432.6832792207331,53,2,1,0,1,Male,Suburban,1
46,44099.12580827395,337.3236020175946,13,2,5,0,0,Male,Urban,1
45,44579.09678643356,237.88780887120498,10,1,5,0,1,Male,Rural,0
62,66043.46637315067,321.5376049615362,9,4,4,1,1,Female,Suburban,1
40,59522.98988907526,521.03916248748,45,2,3,1,1,Female,Suburban,1
32,58263.36064718814,397.73361039911936,19,4,1,1,0,Female,Urban,1
19,77394.03930964958,80.39375763773572,71,1,1,1,1,Female,Rural,1
36,71797.50722385407,289.86577607933833,14,3,1,0,1,Female,Urban,1
60,71320.95741288572,569.5211309786597,68,2,4,1,0,Male,Urban,1
18,73196.56914657385,290.0684393410061,50,2,3,1,0,Male,Urban,1
64,77322.69336004477,67.93298315721472,12,1,1,1,1,Male,Suburban,1
46,22840.93316445114,585.0268439591562,9,1,1,0,1,Male,Urban,1
25,57711.23495471077,415.534951373791,32,2,1,1,1,Female,Suburban,1
33,21395.798710210518,310.19819976620795,28,2,4,1,1,Male,Urban,0
46,65721.1985359559,268.0015169485104,26,4,4,0,0,Female,Suburban,1
34,64907.340555513096,471.52927017084295,40,2,4,1,1,Female,Rural,1
23,85910.64549579361,244.12232396833303,14,1,1,1,1,Male,Suburban,1
52,88752.68785442242,480.7558994322384,14,2,1,1,1,Female,Suburban,1
52,69055.50096504735,395.9073400013958,51,3,1,0,1,Male,Urban,1
24,54992.778452062004,354.255469568229,71,2,4,0,1,Male,Urban,1
32,74703.22225091475,340.37207274698335,24,4,4,0,1,Male,Rural,1
30,54441.64725351373,295.5044748600151,67,2,2,1,1,Male,Suburban,1
52,64972.14697113302,466.3896168292972,28,3,1,0,1,Male,Urban,1
55,84722.72633921535,198.8520035057432,28,1,2,0,1,Female,Suburban,1
55,53844.57308021153,92.93048224377071,11,1,5,1,1,Female,Urban,0
66,81113.57278485002,406.02161720494644,33,4,1,1,1,Female,Urban,1
57,78548.02737384605,408.3733659294007,38,2,4,1,1,Female,Suburban,1
34,45904.16365738357,387.23376135164733,49,2,3,0,0,Female,Suburban,1
23,84477.88256434802,377.0819717465254,16,3,1,1,0,Female,Suburban,1
49,78971.3269074301,275.1243470327433,18,1,5,1,0,Male,Rural,1
65,67038.51774745315,430.24757861397353,34,3,3,0,1,Female,Urban,1
68,49753.530839446954,313.62186225436426,10,2,4,0,1,Female,Urban,1
29,47815.879628488605,251.80410148587507,15,1,1,0,1,Male,Suburban,1
30,54246.748461939555,276.335216284244,47,2,2,0,1,Male,Rural,1
19,75851.8892658392,602.8895578286165,68,2,4,1,1,Female,Rural,1
25,45887.49665197204,77.10334851363942,43,1,4,0,1,Female,Rural,1
46,73750.2449723974,389.9703346014118,15,3,1,1,1,Male,Urban,1
46,40164.88942243215,84.9245401326796,71,3,4,1,1,Male,Rural,0
37,60918.62831122302,304.84733263478375,40,2,5,0,1,Male,Rural,1
34,67192.95509148017,259.2921520784137,53,4,4,1,1,Male,Suburban,1
61,113902.60290117832,40.0,19,3,2,1,1,Female,Suburban,1
41,37453.68688959265,374.4652626607268,44,4,5,0,0,Male,Suburban,1
60,94440.29132980267,266.79467129309256,11,1,4,1,1,Male,Suburban,1
68,67996.8482797456,40.0,47,4,1,1,1,Female,Rural,1
34,73223.43836031927,437.5395327083953,19,2,1,0,1,Female,Urban,1
28,67366.95826776409,520.9008649184509,66,3,5,0,1,Female,Suburban,1
67,73894.53636390466,528.6174079215201,9,4,2,0,1,Female,Rural,1
51,61926.29791275965,370.25390169120595,49,2,1,1,1,Male,Suburban,1
33,94081.00362914917,326.44813940079615,15,2,3,0,0,Female,Rural,1
50,55870.577115505555,505.94192692541156,51,1,3,0,1,Female,Urban,1
44,87644.69144358495,555.5337019476137,38,3,3,1,1,Female,Urban,1
65,52112.65759573954,478.6996184025875,69,4,4,1,1,Male,Rural,1
31,63794.96307197426,188.18473568782784,49,2,5,1,0,Male,Urban,1
69,43560.74895419562,348.18827945008906,30,1,4,1,1,Female,Suburban,1
66,74100.4744069504,381.5322602008,11,2,1,1,0,Male,Urban,1
27,93902.51913853068,66.6536243515879,45,2,1,0,1,Female,Rural,1
26,63452.876403582915,385.7104923469084,35,4,1,0,1,Female,Urban,1
45,61062.28602592181,638.2188556371145,9,1,2,1,0,Female,Suburban,1
20,42707.66073864147,409.5910632121108,44,2,2,0,1,Female,Rural,1
33,60414.146928953836,526.2778314018459,19,3,5,1,1,Female,Suburban,1
40,33144.11480556945,345.6080622180187,21,1,2,1,0,Female,Suburban,0
68,46742.44026562346,309.749434642265,6,4,1,0,1,Female,Rural,1
69,69535.7209221827,373.3779946113366,30,4,5,1,1,Male,Suburban,1
25,91380.26395482793,205.78426928217942,20,2,2,0,0,Male,Rural,1
64,121184.21722459006,185.0714737871856,10,3,5,1,0,Male,Rural,1
22,53268.29829858198,497.2826380037112,34,4,4,1,0,Male,Suburban,1
56,93706.0031329088,512.1279280013125,20,3,5,1,0,Male,Rural,1
61,69875.04960803296,181.24511581777094,14,1,5,1,1,Male,Suburban,1
64,61975.04706507248,455.519832637541,36,1,1,0,0,Female,Rural,1
29,73651.88903452305,307.82560341515705,10,2,4,0,1,Male,Suburban,1
64,66238.32967359919,367.5732004286603,71,1,3,1,1,Female,Suburban,1
24,67207.91451224437,384.4306095209089,37,2,4,1,1,Female,Suburban,1
44,56833.336743466614,459.20906553740457,71,3,4,0,0,Female,Suburban,1
42,37037.806804022985,331.58054826084646,64,3,3,0,1,Male,Suburban,1
34,34127.49594955837,517.4226793422711,70,1,2,1,0,Male,Urban,1
19,78064.89766562454,363.31779756638946,41,1,5,1,1,Female,Suburban,1
58,59465.998198285735,407.38579814573455,33,1,4,1,1,Male,Suburban,1
35,53078.22200687667,203.3432371847855,53,2,5,1,1,Female,Suburban,0
52,65170.11253446307,622.2122614986768,11,4,2,1,1,Male,Suburban,1
39,80898.64505831256,385.7754892486953,61,2,5,1,1,Female,Suburban,1
37,68607.27886052796,419.8196395483139,27,2,2,1,1,Male,Urban,1
64,51878.901267180656,94.8539864303842,6,3,3,1,1,Female,Suburban,1
22,89525.859112979,204.82171676892585,21,1,5,1,1,Male,Suburban,1
56,96583.71005963263,493.30371630862226,21,1,2,0,1,Male,Rural,1
56,74891.13310645707,360.16475656096463,6,1,2,0,1,Female,Suburban,1
37,84473.27022688181,52.070837123950355,50,3,5,1,1,Male,Urban,1
31,89839.19993627621,465.36059005773467,12,2,5,1,1,Male,Urban,1
18,87601.98632809028,243.8704073906187,61,3,2,1,1,Female,Rural,1
66,77281.98354225248,517.5843780227397,35,3,2,0,1,Male,Urban,1
67,76966.94094149765,307.70300499548205,53,2,2,0,1,Male,Urban,1
30,75393.21146693005,348.6589360428742,28,4,1,1,1,Female,Suburban,1
19,43053.24650905913,485.0536410028308,14,4,3,0,1,Male,Suburban,1
24,79014.46313719172,194.35098408034727,17,1,2,0,1,Female,Suburban,1
21,37883.72057746892,181.00144690324845,48,4,5,0,1,Male,Urban,0
61,49108.0108974989,292.490221144265,53,1,1,1,1,Male,Rural,1
64,91071.30135616174,435.8041919469711,23,1,4,1,1,Male,Urban,1
25,81804.40325388395,133.6771846341113,29,3,3,0,0,Male,Rural,1
56,94747.96579371725,86.47515601552647,68,1,4,1,1,Female,Suburban,1
27,59566.51232625415,435.32092978613093,62,2,1,0,1,Female,Urban,1
37,41955.023174464644,235.5830362406195,33,1,3,0,0,Female,Suburban,1
49,60191.25605859314,265.08835819116035,21,2,4,1,1,Female,Urban,1
55,67040.62594481149,60.046543728376776,25,4,2,1,1,Male,Rural,1
63,66579.7743268002,224.9428959907225,41,4,5,1,0,Female,Urban,1
20,87673.60957513403,318.9405784716389,43,1,3,1,1,Male,Suburban,1
28,57774.59149993109,450.2529000672049,18,3,2,0,0,Male,Urban,1
32,72040.68943605848,212.02777672715058,10,2,1,0,1,Male,Suburban,1
34,45227.45701130788,552.0326568325495,38,2,1,1,1,Female,Suburban,1
69,74006.34556087626,224.1621566148279,58,3,3,0,1,Male,Urban,1
58,65062.171003712734,224.36714777807555,16,4,3,1,1,Female,Rural,1
34,50003.73323430965,535.2300572656923,32,2,5,0,0,Male,Urban,1
68,60283.41275650294,349.6044213309484,16,1,4,1,1,Male,Urban,1
43,61316.48506969557,242.71653793837928,21,4,1,0,1,Female,Suburban,1
44,59596.89741325808,298.2813616347169,46,4,3,0,1,Male,Urban,1
40,100426.82484535367,509.4303008558883,24,2,3,1,1,Male,Suburban,1
25,63031.07995384241,525.2683947475955,23,3,1,0,1,Female,Rural,1
66,60122.077796453246,205.64895490216418,71,4,4,0,0,Male,Urban,1
18,23050.980847797167,314.05926658892486,17,3,3,1,1,Male,Suburban,0
27,47115.852960410455,332.62195587346025,18,2,1,0,0,Female,Urban,1
29,59738.53151087294,181.92638452767633,67,4,3,0,1,Female,Urban,1
32,51282.94647646714,312.2040926290008,42,4,4,0,1,Male,Urban,1
24,92634.15186755593,320.74520046323806,8,3,2,1,1,Female,Urban,1
18,61701.244492075624,479.629327051143,34,1,2,0,1,Male,Suburban,1
53,90768.88498636504,489.0395039635681,43,2,1,0,1,Male,Rural,1
68,66234.09268100736,273.9106842297389,22,3,2,0,1,Male,Rural,1
24,65744.55672843153,290.04655985948636,42,2,5,1,0,Female,Urban,1
33,63224.07104574998,413.00092228778897,48,3,4,1,0,Male,Rural,1
44,65075.925032429186,238.0736171502184,22,3,1,0,0,Male,Suburban,1
66,99375.90006099718,402.40962124323636,59,1,3,1,0,Female,Suburban,1
54,18607.785464975634,307.69309176830996,35,3,1,1,0,Female,Rural,0
57,24969.08511122642,184.2841991165931,69,3,3,1,1,Male,Suburban,0
48,54136.58337887772,186.0428601968495,11,1,1,0,1,Female,Urban,1
39,65290.55763875138,522.5882174443543,27,3,4,1,0,Male,Suburban,1
28,78802.08849528024,298.1009929199382,53,3,3,0,0,Female,Rural,1
62,74461.7439605495,549.6495731457635,65,1,4,0,0,Male,Rural,1
59,57315.0817423886,248.0909234999126,20,3,3,0,0,Male,Urban,1
19,85380.87386483524,360.7687281584091,70,2,2,0,1,Female,Rural,1
55,85603.90806305462,654.9747412225538,18,2,2,1,0,Female,Urban,1
22,68681.15662543131,171.96585574714092,33,3,2,0,0,Female,Rural,0
56,84253.15144973682,54.30597001403129,26,1,3,1,1,Female,Urban,1
60,70452.90526864257,500.12261838021266,34,1,3,0,0,Male,Urban,1
24,53770.33946434232,204.2467252449697,65,2,4,1,1,Female,Rural,1
40,78956.3367800001,317.10110902512724,54,4,1,0,0,Female,Suburban,1
24,67212.26245157355,237.97145053677812,58,1,2,0,1,Female,Urban,1
47,65026.79693508974,357.5427893337443,22,4,5,1,0,Male,Urban,1
66,94459.07144379149,186.9249309939961,68,1,5,0,1,Male,Urban,1
22,15982.55742919827,294.80838769633715,34,2,5,1,1,Female,Urban,0
38,36646.31659680861,382.9741457179148,49,2,2,1,1,Female,Rural,1
68,41258.5914725126,178.83675592160333,52,2,1,1,1,Male,Urban,1
33,57734.78704862389,221.98823584957557,49,1,1,1,1,Male,Urban,1
24,59907.836604679396,271.36640329620553,45,4,1,0,0,Male,Rural,1
43,34853.487044539055,119.96583920832106,37,2,5,0,1,Male,Rural,0
44,45296.83935378348,260.8414624081755,48,4,5,1,0,Female,Urban,1
52,47783.166429528595,336.63151558640624,65,3,5,0,1,Female,Suburban,1
34,114148.48184151785,264.06314817762,31,3,4,0,1,Female,Suburban,1
67,101034.83895494294,282.00729098955856,39,2,2,0,0,Female,Suburban,1
45,56765.011646307015,317.21376607307803,17,3,3,1,1,Male,Urban,1
32,57728.33419386402,228.19591525947604,29,4,5,0,1,Female,Rural,1
67,42015.920056234114,416.7487592213628,56,4,5,1,0,Male,Rural,1
66,26837.391735494668,521.0369374722486,48,4,3,0,0,Male,Rural,1
43,62662.39627182952,254.98674509263722,19,1,5,0,1,Male,Rural,1
19,45042.96033511948,387.927752406879,42,3,2,0,0,Male,Urban,1
49,63302.98936675981,286.4535982391494,59,2,3,1,1,Male,Suburban,1
46,32995.88301913045,371.16822830539064,14,4,5,1,1,Male,Rural,0
25,49760.51083379485,539.2091343684556,10,4,2,0,1,Male,Suburban,1
50,67972.54190605662,391.2123360225338,31,4,4,1,1,Male,Rural,1
61,72324.19195567875,71.72196456664471,49,1,3,1,1,Female,Suburban,1
23,73349.43917484028,383.55938840257426,26,2,2,0,0,Female,Rural,1
55,38590.22031685925,492.6009240632613,60,3,2,0,1,Male,Rural,1
25,82093.71460271123,288.9765362002656,61,3,4,1,1,Female,Suburban,1
56,48995.76606796299,459.3888728564965,41,2,3,1,1,Female,Rural,1
39,77657.15829214612,223.38382423872758,31,1,2,0,1,Male,Suburban,1
18,64787.22646763614,112.02451766688168,8,1,4,1,1,Male,Urban,0
68,37472.250018441046,339.7636626365696,60,3,1,1,0,Male,Suburban,1
26,58676.04590837624,74.09325909551603,65,2,1,1,1,Female,Rural,1
48,72307.27484127536,286.43205819489714,35,2,5,1,1,Male,Urban,1
27,77259.30760949198,500.15791677037043,40,4,4,0,1,Male,Urban,1
66,62180.24205111163,52.633193195520676,55,1,3,1,1,Female,Suburban,1
56,95635.57781202106,140.8704485720543,51,4,1,1,0,Female,Suburban,1
59,85150.21541973118,175.51548567737913,14,2,3,1,0,Female,Suburban,1
40,59866.91767200494,311.1352196404656,50,4,3,1,1,Male,Suburban,1
42,80002.43624273888,268.7996500095307,67,4,3,1,1,Male,Suburban,1
50,103675.86970376375,515.8790934374522,55,3,1,0,1,Male,Urban,1
58,104209.69201566055,453.6087660728376,37,2,3,0,1,Male,Urban,1
62,40440.00238355005,389.3382124496037,40,1,3,1,1,Female,Rural,1
18,46469.33777685699,340.3882440081439,23,1,2,1,1,Male,Suburban,1
52,94698.37573467701,375.0521687778758,49,4,1,1,0,Female,Rural,1
23,43834.378983247254,199.3224702561275,21,1,5,1,1,Male,Suburban,0
32,38549.17733416642,440.00944949792574,28,2,4,0,1,Female,Urban,1
61,55276.11738601906,164.31380438971186,23,2,4,1,1,Female,Suburban,1
31,73404.53418949171,436.9527791463123,28,3,4,0,0,Male,Rural,1
59,62952.065867778074,486.0599502966363,30,4,4,0,1,Female,Rural,1
42,51988.72759188816,349.5210442923322,11,3,1,1,1,Female,Urban,1
30,51515.750765509816,295.33017174532336,53,4,3,0,0,Male,Rural,1
35,50753.258711745824,376.0433871633543,35,3,5,1,1,Male,Suburban,1
45,47409.80742682115,40.0,68,2,2,1,0,Female,Urban,0
57,110632.65754552124,362.31615058796456,17,1,5,0,1,Female,Suburban,1
49,70950.2214237111,304.130440302427,50,1,1,1,1,Male,Urban,1
66,82735.18108809477,312.91206417202125,17,2,2,0,0,Male,Urban,1
63,55218.45063762153,418.91455180569585,42,1,2,0,1,Male,Rural,1
57,61280.86645627902,309.53235098093813,38,2,4,1,1,Female,Rural,1
49,50728.9203725929,160.37104006883789,35,2,1,0,1,Female,Suburban,1
33,15000.0,300.2036260844471,49,2,2,1,0,Male,Rural,0
39,37439.814463042676,329.45776777131545,60,4,4,0,0,Male,Rural,1
24,28787.626400392102,336.0907476213418,26,4,2,1,1,Female,Suburban,1
37,20004.324440967852,342.6687114199095,62,3,5,1,0,Male,Urban,0
66,41092.82051403794,465.51166628859744,18,1,5,1,1,Female,Suburban,1
40,91499.11358763262,167.95516257521933,25,2,2,0,1,Female,Urban,1
23,64111.27664591291,344.598063863079,26,3,3,1,1,Female,Rural,1
51,90811.27524642348,500.59015780655375,68,3,2,0,1,Female,Suburban,1
68,73219.65153801751,77.15439042879265,13,2,2,1,0,Female,Rural,1
63,80651.17651430318,345.1505353092075,32,2,4,1,1,Male,Rural,1
32,46982.0600939085,238.04700972377393,34,2,2,1,1,Female,Suburban,1
41,75479.01908385342,268.10054617376534,58,3,1,1,1,Female,Rural,1
45,79574.28468148691,193.3269495499809,38,1,2,0,0,Female,Rural,1
30,53467.05415532614,296.2628998019378,69,3,5,1,0,Male,Rural,1
31,76190.80741232332,577.7757860197667,54,1,2,0,1,Female,Urban,1
30,76323.75517149665,142.9797494351901,52,3,2,0,1,Female,Suburban,1
69,54008.94757739834,156.25459965296417,55,4,4,1,1,Male,Rural,1
56,42544.631354580095,137.72916017710935,16,3,1,0,1,Male,Rural,1
61,41317.43336203456,561.8385601279341,35,2,2,0,0,Female,Suburban,1
60,66730.11083842923,255.27244122701984,44,4,1,0,1,Female,Urban,1
67,71540.1973757863,316.4105315513256,19,3,5,1,1,Female,Urban,1
23,49149.48339084171,263.61038824512644,13,2,5,0,1,Male,Suburban,0
63,65531.70682652197,187.7807970235672,14,1,4,0,1,Male,Suburban,1
21,76410.74072276971,287.078909473979,58,1,2,1,0,Female,Rural,1
42,77363.81429330602,664.1541048031183,49,1,4,0,1,Male,Urban,1
48,96037.60240244977,514.8899289363957,24,1,4,1,1,Female,Suburban,1
36,90539.61664396086,200.58870550908188,54,3,5,0,1,Female,Urban,1
25,44974.171344869115,410.66037442863603,51,3,1,0,0,Male,Rural,1
27,98671.72419076045,203.5868118267073,59,4,4,0,0,Female,Urban,1
60,54380.4699088857,71.3085305615291,66,3,1,0,1,Female,Urban,1
34,85897.45624908854,462.7315284730481,64,4,3,0,1,Male,Urban,1
34,66359.73252102178,482.41299853009707,17,3,5,0,1,Male,Urban,1
66,56757.01243086065,466.44731514670593,56,2,1,1,1,Male,Suburban,1
25,28846.062804501344,254.2188651092598,31,3,1,1,1,Female,Suburban,1
65,61568.709795673036,296.6513972397219,32,2,5,1,0,Male,Suburban,0
65,33812.33529388782,424.96717751213725,48,2,1,1,0,Male,Rural,1
49,84345.98471685546,374.809445228735,45,2,4,0,1,Male,Suburban,1
26,95335.85314278497,264.8907540184138,33,3,3,0,1,Male,Urban,1
26,49061.780214066195,93.32994518345694,71,2,2,1,1,Male,Suburban,1
32,71039.41485038542,335.9425271798817,17,3,5,1,1,Female,Rural,1
48,50492.16955984049,471.06134949305584,12,4,5,0,1,Female,Suburban,1
25,52430.30539726421,152.337639535218,7,2,2,1,1,Male,Urban,0
41,80489.89407730743,409.42631343463677,59,2,1,0,0,Female,Rural,1
24,64229.23476313175,366.41583731871697,32,2,1,0,1,Female,Rural,1
46,99792.96083862023,425.0207568525267,34,4,1,1,0,Male,Urban,1
19,55355.35042594158,442.076569960661,48,1,5,1,1,Female,Suburban,1
54,84986.72664948978,222.7748661304506,34,4,3,1,1,Female,Suburban,1
20,66948.26825915564,93.62568397690754,43,2,4,1,1,Male,Urban,1
28,80915.56019488466,245.3072664043969,9,4,2,1,0,Female,Urban,1
27,56056.84685340107,444.477824453781,16,4,5,1,1,Male,Rural,1
61,64008.82324896834,244.11945350636404,67,4,4,1,1,Female,Suburban,1
20,62690.0224140213,222.83393465993015,35,4,4,1,0,Female,Rural,1
40,48278.85770308426,65.01095213055063,17,1,3,1,0,Male,Suburban,0
48,78241.63069163506,565.3706576371314,30,3,4,0,1,Female,Suburban,1
44,78004.98011156729,435.5999097995434,28,1,3,1,1,Male,Rural,1
53,76871.09389811133,427.785437378467,24,2,2,0,1,Male,Urban,1
59,95739.31307835289,455.4815541491263,25,1,3,1,0,Female,Suburban,1
38,93986.89602472607,400.73917061607625,54,3,2,1,1,Male,Urban,1
61,57501.10620301729,285.7939602748659,13,3,5,1,1,Male,Urban,1
34,72461.04636868357,297.07302542289176,26,3,4,0,1,Female,Rural,1
69,52527.98621483575,260.14098895710254,36,1,4,1,1,Male,Urban,1
44,65467.10632229111,688.8637056181001,41,2,4,1,0,Female,Suburban,1
56,53005.0110176227,397.8276843819219,64,3,3,1,0,Male,Suburban,1
63,97401.40618272102,255.06793821079916,66,4,5,0,1,Female,Rural,1
59,72273.96300685925,385.16954838327916,25,4,2,1,0,Male,Suburban,1
62,60639.41743791156,178.47835150011554,41,1,3,1,1,Male,Rural,1
45,88872.37143712754,530.6309406024918,7,2,1,0,1,Female,Rural,1
20,21587.691804091766,227.45032658700038,46,1,2,1,1,Female,Rural,0
43,24717.94810269421,390.15196056714524,16,4,3,1,0,Male,Rural,0
27,80916.77310439548,469.2368681640388,10,1,3,0,1,Female,Urban,1
64,66209.36896234736,373.867596188699,50,4,5,1,1,Female,Urban,1
30,70008.92600521521,333.22579885474937,17,1,4,1,1,Male,Suburban,1
29,38472.07793362903,321.5122918798421,37,1,3,1,1,Male,Suburban,1
30,64535.32578299267,312.098246435805,12,4,3,1,0,Male,Rural,1
51,105070.18820802684,239.2622115501497,55,2,4,0,1,Female,Rural,1
47,81483.99239591726,257.0723198322414,56,2,4,0,1,Male,Urban,1
67,68394.13090285624,527.1426523111309,43,3,2,0,1,Female,Urban,1
39,56218.92179790125,304.80487142407804,61,2,3,1,1,Female,Urban,1
32,57108.542962612126,209.98852228641175,34,3,3,0,1,Male,Suburban,1
20,22416.042215999645,247.7183364393888,18,2,1,0,1,Male,Suburban,0
18,70152.80841842321,474.0518952976112,15,2,5,1,0,Female,Urban,1
37,81909.66216963707,414.58492864302696,20,2,3,0,0,Female,Rural,1
66,33487.6134565877,398.446084952516,19,1,2,0,0,Male,Urban,0
45,51771.66215386368,283.94703215262916,27,2,4,0,1,Female,Suburban,1
64,41850.70735533156,400.2707458242123,20,3,4,1,1,Male,Rural,1
23,45692.97610382473,229.9014425069093,45,1,5,1,1,Male,Urban,0
22,66069.632536438,283.65403561159155,15,1,1,0,1,Male,Rural,1
61,23311.956900230514,455.7726282348443,47,3,3,0,0,Female,Rural,1
23,77285.40876714129,442.398875048669,28,2,1,1,1,Female,Rural,1
20,80077.10139867365,182.53262156688754,51,1,3,1,1,Female,Urban,1
39,59977.94823926175,200.2262965927994,39,3,3,0,1,Female,Suburban,1
66,15385.82980030917,335.21830139387737,65,4,3,1,1,Male,Urban,0
53,45071.62747995221,561.6585324537314,35,1,5,1,1,Male,Suburban,1
23,89658.03868205393,51.82087697434082,25,1,3,0,1,Female,Rural,1
61,15000.0,358.9666115398706,44,2,3,1,1,Male,Rural,0
61,58049.53175612962,127.35393357975926,49,3,1,1,1,Female,Rural,1
59,41399.98443065482,231.19366090642362,34,1,2,1,1,Female,Suburban,1
64,81091.40603169674,268.9800214710062,42,4,5,0,0,Male,Rural,1
30,51497.720957130776,261.12883191883526,37,2,3,1,1,Female,Rural,1
68,73079.08041471223,245.26856844771083,26,1,5,0,1,Female,Rural,1
34,76309.20838338186,321.0089884526918,26,4,3,0,1,Male,Rural,1
59,101724.51679460041,245.06422067171903,65,1,3,0,1,Female,Suburban,1
48,60941.161126492596,115.25596612041863,50,1,3,1,0,Male,Urban,1
58,72520.88739245222,429.1817457531887,12,4,3,1,1,Male,Urban,1
50,35298.89041745128,425.40210340084326,69,3,1,1,0,Female,Rural,1
51,88808.27126587488,438.04440340317365,52,2,1,0,0,Female,Urban,1
50,49789.82303857271,104.29717052302854,9,3,3,0,1,Male,Urban,1
58,53784.91671824509,361.84854136178114,54,3,3,0,1,Female,Rural,1
56,64555.04410301578,414.6370398129693,44,3,3,1,1,Female,Suburban,1
24,33742.31309320301,175.63171041845808,66,1,3,1,1,Female,Rural,0
60,69575.40057857876,321.28425474549806,38,3,2,0,1,Female,Urban,1
45,84349.32545850021,303.7226696565488,40,2,4,1,1,Male,Suburban,1
34,70858.67646994583,577.9010921995568,26,4,4,0,1,Female,Suburban,1
44,33222.0487164255,589.4294451817602,27,3,1,1,1,Male,Suburban,1
68,62523.81411340681,86.99010493377187,46,1,3,0,1,Male,Suburban,1
62,79840.57805958981,669.1497808019185,60,4,4,0,1,Male,Urban,1
61,27440.224680681844,191.86839903853465,64,2,4,1,0,Male,Rural,0
42,43504.67972364572,457.2942612058396,56,2,2,1,1,Female,Urban,1
58,82530.8720816304,455.8697173209223,46,4,5,0,1,Female,Suburban,1
38,70401.90868394573,180.60336824214704,39,4,4,1,0,Female,Rural,1
53,73239.43164253508,389.05749113747385,28,4,3,1,1,Male,Suburban,1
51,102189.89615246623,304.94527580275104,56,3,4,1,1,Female,Urban,1
30,74371.05557012405,397.6062006485347,26,4,5,1,1,Male,Urban,1
31,78157.76020866359,352.2941223332876,23,1,2,0,1,Male,Suburban,1
21,119214.91054436652,487.4875279518346,63,3,1,1,0,Male,Suburban,1
25,60723.90883819018,330.5559360404487,44,2,3,1,1,Female,Rural,1
40,49042.3447276301,296.49763028031646,29,2,1,0,1,Male,Urban,1
42,73555.92796494266,473.44899262800527,63,1,5,1,1,Female,Suburban,1
26,73779.8205877779,401.25543508020445,69,1,5,1,1,Female,Urban,1
39,54465.692161075836,422.4538752049243,26,2,4,0,1,Female,Suburban,1
49,44352.059608903044,226.95786588379644,40,4,5,0,0,Male,Suburban,1
30,111196.88844180157,173.66321060421365,37,3,1,0,1,Female,Urban,1
35,71536.86940776046,240.51889994462178,52,2,4,0,1,Male,Urban,1
37,50354.29237195849,233.08500600471757,68,2,3,1,1,Female,Urban,1
44,83318.60604559197,430.067897611408,42,3,2,1,0,Female,Suburban,1
37,62817.09696877331,456.63776704116725,58,1,2,0,1,Male,Urban,1
56,59942.37107364337,298.28175946546395,45,3,3,0,1,Male,Urban,1
35,76245.45743828986,520.3286626354093,64,3,4,0,1,Female,Urban,1
40,39162.3546353662,511.5857151271182,32,1,1,1,0,Male,Urban,1
37,72052.54407834345,354.0758482960755,31,3,4,1,1,Female,Urban,1
27,103259.09615463504,204.93515198397438,33,3,5,1,0,Female,Suburban,1
53,74323.55324394621,540.5527309209756,71,3,1,0,1,Female,Urban,1
30,57475.75792433071,311.45757085602287,46,2,5,0,0,Female,Urban,1
33,54857.89439143516,337.66312750033643,16,3,4,1,0,Male,Urban,1
59,56793.20053309781,272.4552964150804,8,4,2,1,1,Female,Urban,1
67,59920.74643904438,195.42935431839234,40,1,4,1,1,Female,Urban,1
52,57443.86934483456,114.39047975585913,59,3,4,1,1,Male,Urban,1
65,83326.22882149133,408.6015652980203,37,3,4,0,1,Male,Rural,1
62,30335.817935820334,210.32385245447313,42,2,1,0,1,Male,Rural,1
43,82240.00100824269,748.3343720595553,58,2,1,1,1,Male,Urban,1
58,57406.26949714878,167.94969843425295,40,4,4,0,0,Male,Urban,1
35,72538.95571390745,143.9664535026082,65,2,2,0,1,Male,Suburban,1
41,42460.24179598273,391.4194201858818,48,3,2,1,1,Female,Rural,1
45,91572.62133698873,534.1038870554214,54,1,3,1,1,Male,Rural,1
67,89912.69920343746,329.04255197205106,57,4,4,1,1,Male,Rural,1
62,84191.81051500147,400.1139388262184,47,3,1,1,1,Male,Urban,1
43,34704.90448412921,61.903361555780634,9,4,5,1,1,Female,Suburban,0
51,81582.42142132105,225.14838360315264,34,3,3,0,1,Male,Suburban,1
28,73097.10175271418,169.69379792074062,15,2,1,1,0,Male,Suburban,1
59,32894.575057348644,54.69358100729664,39,2,1,1,1,Female,Rural,0
46,64514.05232458369,336.3772327633442,15,3,5,0,0,Male,Urban,1
45,72290.68978066526,40.0,39,4,1,1,1,Male,Suburban,1
57,76121.50547646302,134.89256474775718,28,1,3,0,1,Female,Urban,1
50,68545.22733897711,244.79286883812148,7,4,4,0,1,Female,Urban,1
21,70824.6283369476,203.6199829668493,14,4,3,0,1,Female,Urban,1
32,94472.22784506192,375.4971903089895,39,1,2,0,0,Female,Rural,1
27,89520.6781982136,362.7812268663472,11,1,1,0,1,Male,Suburban,1
56,15000.0,445.13182443096395,62,3,4,0,1,Female,Rural,1
19,58651.22890324636,425.3337225797749,56,4,3,1,0,Male,Rural,1
28,61706.979449120976,479.7137905105933,52,2,1,1,1,Male,Suburban,1
49,29958.028545460576,319.7314239987324,17,3,1,1,0,Female,Rural,1
54,66883.66116464624,362.4853661143338,58,4,3,1,1,Male,Urban,1
44,89975.15544821013,391.6119182686868,47,2,1,1,0,Male,Rural,1
62,43268.64280818819,339.8319376347436,31,1,2,1,1,Female,Urban,1
65,71728.01877379745,264.39279661160964,6,4,1,1,1,Male,Suburban,1
24,46683.530454071246,273.45804519243217,40,2,4,1,1,Female,Rural,1
67,51561.759526406466,205.54182423380485,58,2,4,1,1,Male,Rural,1
49,94547.8726834007,379.02635618737617,8,2,4,0,0,Female,Urban,1
51,54148.8435977635,306.8378756280782,9,3,1,0,1,Male,Rural,1
22,74244.2497802125,227.15567491085292,31,2,2,0,1,Male,Urban,1
50,27575.63767878026,227.28572529455704,39,3,2,1,1,Male,Rural,0
55,102246.3512278976,150.5441781104096,37,3,4,0,0,Female,Suburban,1
48,77053.04892612998,457.0377877732079,34,1,5,0,1,Male,Urban,1
22,61350.003146994764,331.00647373445025,22,2,2,1,0,Female,Rural,1
45,76510.93019999789,199.20799725974217,9,1,4,0,1,Male,Rural,1
66,36803.611421043795,433.19668494428254,8,1,3,1,0,Female,Urban,1
55,88650.61483505314,241.5371666287878,12,4,5,0,1,Female,Urban,1
25,58520.304490071394,123.08991221828742,51,3,1,0,1,Female,Urban,1
67,60918.60969903131,462.9711204906786,57,3,5,1,1,Male,Suburban,1
67,55166.88770069031,244.80642146074416,34,4,3,0,1,Female,Suburban,1
26,53386.971945088306,262.7541273707695,11,3,2,1,0,Female,Rural,1
59,78893.41223256817,325.7652028488848,33,4,1,1,0,Female,Rural,1
39,70118.13700208446,479.9624911906161,71,3,5,1,1,Male,Urban,1
48,78034.9628280608,322.80522072128366,22,2,5,1,0,Female,Suburban,1
41,64824.10621028857,152.12360233966777,38,3,1,1,1,Female,Rural,1
58,75263.99622154362,396.1427805757052,41,2,3,0,1,Female,Rural,1
69,56623.02512149923,252.10143860335864,27,4,4,1,1,Male,Urban,1
59,109594.63682819097,584.3093560141253,34,1,3,1,1,Female,Urban,1
66,33641.391671390025,319.8432389202954,37,4,1,0,1,Female,Urban,1
67,90218.74647125968,40.0,37,4,2,1,1,Male,Suburban,1
22,92358.14901441941,370.03109610179433,53,1,2,1,1,Female,Suburban,1
31,47956.82388068813,592.243690916432,44,3,2,0,0,Female,Suburban,1
55,109585.47221111947,540.6288403963546,9,4,5,0,0,Male,Urban,1
48,84909.80565890636,576.3336004259191,6,3,2,1,1,Female,Suburban,1
20,84422.78013645823,177.2335740465951,33,2,4,1,1,Female,Urban,1
22,65560.44374051753,447.70133543674905,65,4,5,0,0,Male,Suburban,1
45,60655.47683562647,218.92076443686037,8,3,4,0,1,Female,Urban,1
50,60811.82345920784,351.4005159183694,10,1,4,1,0,Male,Rural,1
26,72810.61192639034,141.78665997643745,50,1,1,1,1,Male,Suburban,1
26,93023.72550067792,229.77619291641972,35,3,1,1,1,Female,Urban,1
24,68626.28435722839,225.32546236909386,21,2,4,0,1,Female,Rural,1
47,46771.12753725419,445.7977392199663,19,1,4,0,0,Female,Rural,1
18,81488.5412476996,432.10067703375177,49,4,4,0,0,Female,Urban,1
47,83423.01492789584,358.7547621063149,40,1,3,1,1,Male,Urban,1
42,78093.19056895572,130.94100147224603,48,1,3,0,0,Female,Urban,1
42,79909.97813049966,276.3704792470392,24,2,1,0,0,Male,Suburban,1
53,59581.43739684384,215.54369238801837,40,1,2,1,1,Male,Suburban,1
45,46420.21665738841,441.75460593722875,62,2,3,0,0,Male,Suburban,1
55,47636.1313871844,484.94587939440584,26,4,1,1,1,Female,Suburban,1
57,32290.73503084284,467.8939820443236,32,4,1,1,1,Female,Suburban,1
65,69738.972230919,214.2692812816171,16,4,1,0,1,Male,Urban,1
59,63331.02433546813,40.0,48,2,2,1,0,Female,Urban,0
44,56200.24590940583,72.6253342617924,8,1,5,0,0,Female,Rural,1
43,15000.0,519.0277769315092,22,4,4,1,1,Female,Rural,1
30,40053.65060611662,263.82430849522467,53,2,5,1,1,Female,Rural,0
49,87416.81302806333,214.89855344288424,7,3,2,1,1,Male,Rural,1
25,51707.479998737384,549.9724410810727,71,1,3,1,0,Male,Suburban,1
66,72211.83355313682,497.12239236836575,32,3,5,1,0,Female,Rural,1
61,37186.291400494876,323.42282106877013,32,3,2,0,1,Female,Rural,1
24,93774.10964718462,278.92356725104366,41,4,4,1,1,Female,Rural,1
58,62119.44679890647,301.50583020616244,48,1,4,1,1,Male,Urban,1
24,70800.8079296707,351.80279177424524,36,2,5,0,1,Female,Urban,1
55,111515.59583763371,544.0066193847451,64,4,5,1,1,Male,Suburban,1
22,95328.80201178807,379.14543939321175,69,2,4,0,1,Male,Suburban,1
43,58868.687574258845,421.6440646254798,19,3,3,1,1,Male,Rural,1
52,53135.596302592814,483.697815269824,52,1,5,1,1,Male,Urban,1
55,58489.09976960936,156.24535985658136,25,3,4,0,0,Male,Rural,1
39,75197.96496953072,425.680664946366,71,2,2,0,1,Female,Rural,1
65,62895.51731498258,278.7603743473744,22,3,4,0,1,Male,Rural,1
58,57095.11709993057,40.0,25,4,3,1,0,Male,Urban,0
28,94343.62501418084,40.0,53,3,2,1,0,Male,Urban,1
52,62715.80216444326,177.46353438738402,58,2,3,0,1,Female,Urban,1
55,110991.78186074639,394.3712520029614,14,1,4,0,1,Female,Rural,1
35,66814.85127504346,335.9319391476415,42,2,5,0,1,Female,Rural,1
56,100706.36788449454,345.811339004593,28,4,3,0,1,Female,Suburban,1
64,72146.38845421253,593.1320875761369,46,1,1,0,1,Male,Urban,1
60,84259.21146498896,142.32745391962627,42,3,5,1,1,Male,Suburban,1
57,50507.778969645515,316.1593304142787,71,2,3,0,1,Male,Rural,1
50,47924.81554825176,362.62097319393416,67,2,2,1,1,Male,Suburban,1
32,74194.11910029975,216.92176368463305,49,3,4,1,1,Female,Urban,1
59,84771.0648493063,323.96574431161173,50,2,2,0,1,Male,Suburban,1
36,65805.13004000926,96.0070932281917,65,2,2,1,1,Female,Suburban,1
45,39272.13329832606,517.3868704185039,18,3,5,1,1,Male,Suburban,1
34,37794.83267421346,224.57396264573927,53,4,5,0,0,Male,Rural,0
34,36457.27195627517,604.3960230689904,56,4,3,0,1,Female,Urban,1
26,29647.557741212382,315.4535946515563,14,3,2,1,1,Male,Suburban,1
67,67189.70718894176,463.92749915588564,64,3,5,0,1,Female,Rural,1
25,87500.8784341605,312.5375983412384,52,4,1,1,1,Female,Urban,1
22,64731.684261503826,315.69586348352584,28,2,4,0,0,Female,Urban,1
66,19791.704853242954,238.23589334891892,37,2,3,1,0,Male,Urban,0
46,61184.790793309025,336.6773501112789,38,2,5,1,1,Female,Suburban,1
40,61744.02006734786,364.51981721796665,66,3,3,1,1,Female,Urban,1
56,106919.97500450879,210.20380875187482,69,3,5,1,1,Male,Rural,1
37,35857.24174160887,302.4937817796162,59,1,1,1,1,Female,Urban,1
24,57186.44794801609,234.58615875200408,49,4,4,1,1,Female,Rural,1
55,99117.05361089128,641.9529697460774,12,2,1,0,0,Male,Suburban,1
27,73999.56682693097,307.4376922123734,66,4,4,1,0,Female,Rural,1
46,76266.26147032849,536.3325012375183,14,3,1,1,1,Female,Suburban,1
67,67291.68874047756,292.61287368692365,17,4,5,0,1,Male,Suburban,1
66,71598.87077314529,356.3002698148871,10,3,4,0,1,Female,Urban,1
36,80552.19060557072,135.0090299696623,68,3,1,0,1,Female,Suburban,1
58,48810.273622144676,257.409837138499,38,1,5,1,1,Male,Urban,1
49,82561.171578164,349.4748539104945,21,2,2,1,0,Male,Urban,1
42,37539.939662289216,542.0405363343814,11,4,3,0,0,Female,Rural,1
25,71567.35945663076,351.077588874678,33,2,1,0,1,Male,Rural,1
37,68574.81926572655,513.7208505670199,53,1,1,1,1,Female,Urban,1
51,52674.13823615784,409.7020754284088,71,1,2,0,1,Female,Suburban,1
69,64546.29449348707,547.836187525056,42,3,3,0,0,Female,Urban,1
18,52549.19694668894,311.73408957729225,46,3,3,0,1,Male,Urban,1
55,43565.97346276511,654.6311794912526,61,4,5,1,1,Male,Suburban,1
62,57927.705167727116,252.0445315920228,65,4,1,0,1,Male,Rural,1
67,42920.22729256677,212.69534321232635,24,3,4,1,1,Female,Urban,1
40,71455.94928186496,150.5926010435352,71,3,1,0,1,Male,Suburban,1
24,41998.29011695273,646.3434540181298,40,4,2,1,1,Male,Rural,1
32,79239.54045982103,434.72266016650565,67,1,1,1,1,Male,Suburban,1
62,41370.4186414236,273.22309732675683,13,3,1,1,0,Female,Urban,1
63,53674.10168837987,494.8631775622893,12,2,3,0,1,Female,Suburban,1
51,52507.93183569642,416.27690591648945,64,4,5,0,1,Female,Rural,1
24,91502.93457749678,595.2578459925826,50,4,4,0,0,Male,Rural,1
24,71605.79891233184,103.30340341641241,17,3,5,0,1,Male,Suburban,1
42,60765.32394911211,282.84958483600434,65,3,3,0,1,Male,Urban,1
48,74974.38882139447,255.24700624800442,12,3,1,0,1,Male,Rural,1
19,22856.15305340624,43.68442530279577,51,3,2,1,1,Male,Rural,0
53,64137.328207181854,468.44580866915715,19,1,5,0,0,Female,Suburban,1
46,104950.28355609525,282.14448218752983,10,2,1,1,1,Male,Rural,1
18,67646.93012805346,423.5483686981187,59,3,1,1,1,Male,Rural,1
22,66358.26338338671,650.3680708061456,61,3,5,1,1,Female,Urban,1
41,75962.56759284392,270.54588314413485,12,1,1,1,1,Female,Suburban,1
55,82912.10486628691,261.0385824279983,12,4,5,0,1,Male,Suburban,1
60,25050.666142202805,336.61298376135943,46,4,4,0,0,Female,Suburban,1
40,31353.470364179462,458.2146294176773,7,3,4,1,0,Male,Suburban,1
33,69205.82582172293,240.660176456579,55,1,3,0,0,Female,Rural,1
68,50702.46876204981,231.6653764015017,66,4,1,1,1,Male,Urban,1
41,91240.50524439829,468.00649783379123,55,1,3,1,1,Male,Suburban,1
34,58696.51220229552,373.009505337325,21,2,5,1,0,Female,Urban,1
41,26309.38528573764,40.0,18,4,5,1,1,Male,Suburban,0
18,39639.72166312006,148.44514807432486,50,3,3,1,1,Male,Suburban,0
33,15000.0,530.1730209358094,10,1,5,1,0,Male,Urban,0
44,60317.48925434175,376.26995963103377,41,1,4,1,1,Female,Rural,1
65,61232.317454712334,213.29256965478515,35,2,1,1,1,Female,Urban,1
56,56510.74580436204,296.1426479871025,55,3,4,0,0,Male,Urban,1
58,86577.58078059477,321.8531341922338,19,3,4,1,1,Female,Suburban,1
46,88970.39673033387,423.0026704392229,56,1,3,1,1,Male,Rural,1
23,61592.23153287778,129.8431247197695,52,1,4,1,1,Female,Urban,1
38,22306.12665046288,202.2671205861359,21,3,5,1,0,Male,Suburban,0
69,77345.63160984516,358.21380568087443,29,1,3,1,1,Male,Suburban,1
20,76107.20457017151,306.02315873063696,10,1,2,1,0,Male,Rural,1
63,71187.8314031389,400.0602855691394,35,2,5,0,1,Male,Urban,1
53,84629.59498616232,147.8689643696563,23,3,5,0,1,Male,Urban,1
32,41703.4380707792,369.99801467798494,13,1,4,0,1,Male,Suburban,1
58,105175.10772370278,472.8217067128461,42,1,4,0,1,Male,Urban,1
61,45811.44493716264,388.1545966008997,43,1,1,1,1,Female,Rural,1
20,79984.45854401709,339.47564356662286,11,2,3,1,1,Male,Urban,1
23,31253.04611173297,306.5762956407641,18,1,1,1,1,Male,Suburban,1
52,46394.70625459898,203.12083861198977,11,1,3,1,1,Female,Urban,1
69,95327.37293450673,309.9201970584296,50,2,5,1,0,Male,Rural,1
19,59782.003539983,496.3588194032568,28,1,2,1,0,Female,Suburban,1
52,81798.45210265595,303.3360090759825,10,2,5,0,1,Female,Urban,1
25,69739.10777438492,195.42744149122257,18,3,1,1,1,Female,Urban,1
51,62900.83687999655,251.08540757284592,70,1,1,1,1,Female,Urban,1
50,92277.00649865379,348.1190416186302,22,3,5,0,1,Female,Urban,1
22,60266.82350696199,267.7080403946814,51,3,1,1,1,Male,Rural,1
53,29385.23784873059,387.9424596288397,36,3,4,0,1,Female,Suburban,1
64,48935.1981609659,393.19812650486426,17,3,4,0,1,Female,Rural,1
62,76023.83457403388,444.4576452566507,26,4,2,0,1,Female,Urban,1
19,72910.18212725017,519.2983261171046,6,1,1,1,0,Male,Rural,1
30,33658.83499529124,459.4202214121305,55,1,2,1,1,Male,Suburban,1
30,50513.14961183598,189.20653101928562,28,2,1,0,1,Male,Suburban,1
41,53365.573015955066,193.5051774793219,38,3,4,0,1,Female,Rural,1
25,57690.6081177155,309.39199329562456,16,4,5,0,1,Male,Rural,1
62,37481.72822796897,256.835449986482,60,4,5,1,1,Female,Rural,1
58,52432.57783761043,160.63425822546802,20,3,5,1,1,Male,Rural,1
60,50427.79029480945,258.1631488157808,43,2,4,1,1,Male,Suburban,1
28,80430.66519523838,253.56818929333454,63,2,5,1,1,Female,Rural,1
18,81182.42621980488,225.94131643343118,53,1,4,1,1,Female,Rural,1
65,62083.79083822368,275.78947193829924,45,2,4,0,1,Female,Rural,1
33,57159.20408258537,484.98311904456637,64,3,5,1,0,Female,Suburban,1
52,67798.48624078227,347.89332577489347,17,1,2,0,0,Female,Urban,1
65,48668.4978508885,666.0532706477657,69,4,3,0,0,Female,Suburban,1
19,42063.35835665118,343.8711460427509,42,4,5,1,1,Male,Urban,0
18,46195.57582148566,279.3907916487848,33,2,2,1,1,Female,Urban,1
18,52303.736720570865,320.57860357168124,22,4,2,0,1,Female,Suburban,1
26,41730.52400415458,355.9088769820956,55,1,1,1,0,Female,Suburban,1
20,68241.1911812575,380.93555400394894,70,4,2,1,0,Female,Suburban,1
60,79594.31347567416,610.7395856202634,51,4,3,0,0,Female,Rural,1
49,33258.033984035166,201.65513490314038,8,1,5,0,1,Male,Rural,0
68,65502.57422432067,440.266448144883,36,3,1,0,1,Female,Suburban,1
59,60601.28409467329,349.0850836659773,54,2,4,0,0,Female,Suburban,1
68,71830.17371073605,100.04631604011354,32,4,4,1,1,Male,Rural,1
30,64741.22463792824,427.89782949326684,57,1,5,0,1,Female,Urban,1
32,35928.014401367385,497.4672985125467,52,1,4,0,1,Female,Rural,1
62,39752.214022856686,199.99530347115984,10,2,1,0,1,Female,Rural,1
30,65588.47151169945,318.7492584951241,42,1,3,0,1,Female,Rural,1
20,85575.61839491018,78.4504033189215,17,2,5,0,1,Male,Urban,1
52,20716.252579139946,143.7670956441929,38,3,5,0,0,Female,Suburban,0
59,71914.5315960316,466.7241408664154,31,3,4,1,0,Female,Rural,1
68,88792.44010575286,254.70168915895917,59,3,5,0,0,Male,Urban,1
66,61939.48247587574,164.7675835086745,63,1,4,1,1,Female,Urban,1
24,76004.04992052882,352.12445102418013,36,1,1,0,1,Male,Suburban,1
58,50938.618382043955,246.86225959965674,41,4,5,0,1,Female,Suburban,1
61,62612.676014462464,254.08496791142494,47,2,1,0,0,Female,Rural,1
54,32581.72963383697,423.50564359448646,49,1,2,1,1,Female,Suburban,1
60,18113.133831622523,157.35732974919148,47,2,2,1,0,Female,Rural,0
61,83855.3160245055,193.24887022454348,57,1,4,1,1,Male,Urban,1
41,45300.10144551116,341.57119890084164,70,2,1,1,1,Male,Suburban,1
20,55889.44309993139,455.71737070474876,60,4,4,1,0,Female,Urban,1
41,37271.15493459614,493.342442208579,14,2,5,0,1,Male,Urban,1
28,36800.60593832248,226.89135914937276,37,3,4,1,0,Female,Urban,1
23,61523.245998107675,451.2327753687507,36,2,2,0,1,Male,Rural,1
24,50408.456117287074,210.22007891414276,39,2,5,1,1,Female,Suburban,1
54,72559.41995989397,575.6693085669519,40,3,2,0,1,Female,Urban,1
44,74050.76837959184,161.27205644123802,53,3,4,0,0,Male,Urban,1
46,71416.99292649214,505.98703351084237,33,2,3,0,1,Male,Suburban,1
56,69772.01581856888,228.09194504537865,23,1,1,0,0,Male,Rural,1
46,96555.36409863773,601.8545036712441,36,4,1,0,0,Female,Rural,1
50,43648.12461910228,402.7849020393478,62,1,1,0,1,Male,Urban,1
22,63901.302675941646,177.75768588284893,26,4,5,0,0,Female,Rural,1
62,87653.79641039178,246.88661286404906,7,2,5,1,0,Male,Suburban,1
41,90290.79618676074,429.3653687313238,70,4,3,1,1,Female,Rural,1
26,36564.72701310854,467.3702184661786,18,2,5,0,0,Female,Urban,1
60,58752.891166882604,310.0998171585752,45,3,1,1,1,Male,Suburban,1
56,92162.42191734521,326.2521593348853,58,3,5,1,1,Male,Rural,1
20,75161.5821039813,426.16942457016916,24,2,2,0,1,Male,Urban,1
28,68905.26062959546,338.4517797815148,28,1,1,1,0,Female,Rural,1
18,60646.30613130687,138.90931969262738,24,3,4,0,1,Female,Urban,1
32,57323.98148584509,206.18363655037473,15,3,2,0,1,Female,Rural,1
23,70764.38126180648,352.9167920412331,16,2,2,0,1,Female,Rural,1
54,59952.517500310336,490.16753830967707,18,4,4,0,1,Female,Rural,1
45,64148.427579111114,546.2375393826867,36,3,2,0,0,Male,Rural,1
68,66571.97412230074,429.134118908003,41,1,4,0,0,Male,Urban,1
56,51438.56943013002,360.22070654509093,7,4,1,0,1,Female,Suburban,1
49,75642.58747762877,424.83394403754676,61,1,1,1,1,Female,Rural,1
44,123284.89296830838,226.6548809710402,50,3,2,0,0,Female,Urban,1
20,29460.267213478495,298.54766556385005,10,2,4,0,1,Female,Urban,0
21,71480.2504837996,204.62169901247327,61,3,2,1,1,Male,Urban,1
50,49796.19822762189,145.1760345009204,8,4,1,1,0,Female,Rural,1
18,76548.051550385,366.6968616290687,42,3,4,0,0,Female,Urban,1
20,65931.14946655722,345.9718629218641,36,3,3,1,1,Male,Suburban,1
29,80237.09548084927,416.2713478312618,39,4,3,0,1,Male,Suburban,1
63,88510.1315301756,396.4556563249426,69,3,2,1,0,Female,Suburban,1
41,68848.42235536363,353.9701979853407,67,4,1,1,1,Male,Rural,1
54,87641.04576828357,397.9263331948576,24,2,1,0,1,Male,Rural,1
39,18114.04212422645,314.0243665281533,44,1,4,1,0,Male,Suburban,0
27,96809.04595832046,377.80479533113606,69,1,1,1,1,Female,Rural,1
37,72501.2430378468,218.33978362390965,54,3,2,0,1,Male,Urban,1
22,86556.86711490364,371.7588295894782,64,3,5,1,1,Male,Rural,1
58,40602.48510316957,413.5784759400413,34,1,2,1,1,Male,Urban,1
27,48384.60236789328,226.24460006989156,24,1,4,0,1,Male,Urban,0
37,67918.76588289549,327.25649385899857,39,4,2,0,1,Male,Urban,1
68,64659.24221325074,232.69564865188966,59,3,5,0,1,Female,Urban,1
48,70661.37176019979,246.2890624877439,67,4,5,1,0,Male,Rural,1
41,86690.30321859932,162.50989028569836,51,1,3,1,1,Male,Urban,1
46,29695.593693943018,497.2084895233178,52,1,4,0,1,Female,Rural,1
58,84476.38143434619,469.1959244608067,39,2,3,0,1,Female,Suburban,1
31,65165.63819915854,395.2407395918272,27,4,5,1,1,Female,Urban,1
51,60924.36277750904,596.1074332721339,33,3,2,0,0,Female,Suburban,1
63,35577.695312302196,293.5056024804252,38,4,5,1,1,Male,Urban,0
47,75060.9733675373,744.4467381154889,59,2,4,0,1,Male,Urban,1
41,16717.842979379253,288.14588184914913,42,2,4,0,0,Male,Suburban,0
25,77967.88022477426,355.7270692458423,58,3,2,0,1,Male,Rural,1
30,35157.883290540165,264.3110920483708,7,4,5,0,1,Female,Suburban,0
67,66069.15825234949,372.1255784084427,55,2,4,1,0,Male,Urban,1
46,62616.62325344159,436.9860899040742,39,3,5,0,1,Female,Rural,1
33,88390.76294587768,304.05170497256825,71,4,5,1,0,Female,Rural,1
39,61426.896619722196,568.740778596467,37,2,1,0,0,Female,Urban,1
48,51117.22877708669,353.4808998486845,37,4,5,0,0,Female,Rural,1
45,54867.946080575945,357.8679540554279,14,3,5,1,1,Female,Rural,1
54,90457.65537509328,192.74032276807955,59,4,2,1,0,Male,Suburban,1
31,75725.93938361788,378.58987043705383,52,2,5,1,1,Female,Urban,1
51,57287.40036953677,301.2361890866888,62,3,3,1,1,Female,Suburban,1
41,60271.07160070973,234.84643789277982,12,2,2,1,0,Female,Suburban,1
66,33656.45818829106,211.29358285922905,19,3,2,0,1,Male,Urban,1
26,72769.48401703082,694.046873165936,63,2,2,1,0,Female,Urban,1
25,29803.685846090688,283.11318497493505,8,3,1,0,1,Female,Urban,1
42,80035.92931670912,116.02204109062251,39,4,4,0,1,Male,Urban,1
44,67572.43184982531,222.24899563743986,32,2,4,0,1,Female,Rural,1
53,112739.03599147845,312.7805024733301,68,2,4,1,0,Male,Urban,1
39,42997.28892551389,396.5333845663079,62,2,3,0,1,Male,Suburban,1
65,62946.75817918734,397.6715130415439,65,3,2,0,1,Female,Suburban,1
42,100965.75401846124,414.72603724871357,25,3,4,0,1,Female,Urban,1
24,88827.79280582829,229.71955707077385,44,3,5,0,0,Male,Rural,1
24,51075.758968402006,367.66166209021634,52,1,1,0,1,Male,Rural,1
68,69479.34856746896,197.351675024519,69,1,2,1,1,Male,Suburban,1
24,65039.98712830174,233.24998237803837,6,1,5,0,1,Female,Rural,1
67,70639.11734788315,191.52074356996368,70,4,5,1,1,Male,Urban,1
32,51026.3912803034,153.62556035624226,29,4,5,0,1,Female,Rural,1
22,63213.59194598531,468.9893284401212,14,1,1,1,1,Male,Rural,1
33,33038.952494465724,416.40563813704426,46,1,3,1,0,Female,Suburban,0
49,67702.46903736165,456.73315179693816,57,4,1,1,0,Male,Rural,1
40,74000.41346843664,325.50382924340147,14,3,5,1,1,Male,Rural,1
58,60451.61174712232,428.7530778411205,8,2,3,0,1,Male,Suburban,1
49,32698.982188304246,73.41948335004372,65,3,2,1,1,Female,Urban,0
38,84770.63725702924,440.83225252634975,67,1,1,0,0,Female,Urban,1
51,72290.50075985605,344.79677620070424,16,1,4,1,1,Male,Urban,1
68,50479.69804598046,407.7953440208832,65,2,5,0,1,Male,Urban,1
39,59387.99106323872,373.20326186680586,66,4,5,1,0,Female,Rural,1
25,34986.61194436322,181.81227836483586,71,4,5,1,1,Male,Urban,0
39,44491.79744444191,110.27443144525347,20,1,5,1,1,Male,Rural,0
61,54243.77307285721,220.31241673438515,44,3,4,0,1,Male,Urban,1
29,89568.41624560303,399.08841937820773,71,4,5,0,1,Female,Suburban,1
67,52209.932182250486,416.61279812455535,65,4,5,0,1,Male,Suburban,1
48,77804.27318657517,128.48808116653922,45,4,3,1,0,Male,Urban,1
49,54233.6759427684,182.64608855444996,19,1,4,1,1,Male,Urban,1
34,69958.9512170375,218.7470039682825,11,1,5,1,1,Female,Urban,1
65,62172.08995712396,269.9772915626458,23,1,1,1,0,Female,Urban,1
19,82461.13200185487,129.3128836806287,10,1,4,0,0,Female,Rural,1
33,54303.77323562885,120.91275274038142,18,1,2,1,1,Male,Suburban,1
39,33549.43499995118,204.94305850294245,10,2,1,0,0,Male,Rural,0
42,37361.01937272734,332.0755370715008,56,3,1,0,1,Male,Rural,1
42,54362.45012114485,154.71679243451132,44,2,1,1,1,Female,Suburban,1
25,40018.80058643894,303.78750860395274,40,2,5,1,1,Male,Rural,1
29,73204.24031359103,468.19739425985415,59,1,4,1,1,Female,Urban,1
22,55684.63670283844,137.7508367621086,33,1,1,1,0,Male,Suburban,1
47,112492.13100052864,291.09759382252446,32,4,4,1,0,Male,Suburban,1
36,30245.70809725736,463.46594272510816,19,3,4,0,1,Male,Suburban,1
47,69072.66357419602,261.4424253490667,35,1,3,1,1,Female,Rural,1
48,42440.93952988662,239.68624327982135,17,4,4,0,0,Female,Rural,1
54,55131.97319234643,482.88941400290634,44,4,5,0,1,Female,Suburban,1
46,67828.38946681088,277.1317089439833,71,4,3,0,1,Male,Urban,1
51,18492.572502514267,474.6293035287795,41,1,4,0,1,Female,Suburban,0
48,69736.52233576056,380.0551547578078,25,3,3,1,1,Female,Rural,1
51,103058.14924548336,272.00174859262285,51,4,2,1,1,Male,Rural,1
50,55931.23403262814,387.15667428365424,60,4,5,1,0,Female,Rural,1
34,70196.1571361102,364.8629319384453,37,1,3,0,1,Female,Urban,1
30,85498.43386250798,462.92359494034633,22,4,4,0,1,Male,Urban,1
58,61720.929999460066,243.2316246988974,53,2,4,1,0,Male,Suburban,1
35,53380.79622937033,325.7688493494268,18,2,4,1,1,Male,Suburban,1
46,19485.271925564957,311.38780485535074,71,3,4,1,0,Female,Suburban,0
28,77819.81438789947,418.5807398295699,26,4,4,1,1,Male,Rural,1
40,62736.631805422054,176.4749127778154,29,1,3,0,1,Male,Suburban,1
45,44746.32297223677,462.3767867532998,53,3,4,1,1,Female,Suburban,1
50,67531.93420555387,385.2860281038583,6,4,3,1,0,Male,Rural,1
45,53326.392863876375,135.6304896913875,19,3,2,1,1,Male,Suburban,1
36,54431.47737768949,489.15679556727,14,2,4,1,0,Male,Suburban,1
68,77125.82312217416,632.7730313116824,31,1,5,1,1,Female,Urban,1
44,38232.351773523114,460.25675573691706,42,3,4,0,1,Male,Suburban,1
60,85946.30572147516,519.7778674117058,17,3,4,1,0,Male,Suburban,1
56,37046.276737631924,331.95199342436234,28,3,5,0,1,Female,Urban,1
47,51745.97183289472,87.38931123660859,56,4,2,1,0,Male,Urban,1
64,103458.92388133155,61.823136836546496,68,3,1,1,1,Female,Rural,1
24,87547.09523284844,355.7114861414862,6,3,2,1,1,Male,Urban,1
65,66952.0798499088,237.12296691780278,47,1,4,1,0,Female,Urban,1
62,46189.395689975674,191.9593210341708,7,3,5,1,1,Female,Urban,1
44,54414.553866002134,311.21546424438543,40,1,3,1,1,Female,Urban,1
56,66465.50629171393,406.1819403005803,64,3,4,0,1,Male,Suburban,1
45,65750.46464679197,116.61394345329938,58,1,1,0,0,Male,Suburban,1
31,63182.58140748074,257.1571331607461,21,4,4,0,1,Female,Suburban,1
59,64383.34971831631,531.3818956368441,23,2,4,1,1,Male,Suburban,1
30,60712.49780589772,169.45962676900754,57,2,3,0,0,Male,Suburban,1
34,36160.425287199745,441.7665662030939,60,1,4,0,1,Female,Rural,1
45,54669.78515678334,252.13769338314086,24,1,3,1,0,Female,Urban,0
61,83292.48107973693,396.41112637899334,6,4,3,1,0,Female,Rural,1
37,37633.314048977656,473.6258510084014,35,2,4,1,1,Female,Urban,1
43,61208.88976921443,423.779447377903,46,3,4,0,0,Female,Rural,1
20,48604.921424583124,447.2823443099427,35,4,2,1,1,Male,Suburban,1
24,67227.00858796222,158.77690532288614,67,3,2,1,1,Male,Suburban,1
20,57227.33637866363,475.91235894378184,59,1,3,0,1,Female,Urban,1
21,94547.87329949338,200.6229639511252,57,2,2,1,1,Female,Suburban,1
63,75131.66308380508,356.3358471800154,7,2,2,0,1,Male,Suburban,1
61,38763.93668445577,356.15446617961175,62,2,2,0,1,Male,Rural,1
60,78424.56023227397,387.91715824174133,55,1,2,0,1,Male,Urban,1
20,49506.96287475874,367.17393464842667,32,3,3,0,1,Female,Suburban,1
22,53460.07257244933,201.86660300653875,44,2,3,1,1,Female,Rural,1
32,71276.38040214244,131.01856227859975,60,2,4,0,0,Male,Rural,1
47,55165.051605397304,442.1288151946476,65,2,2,0,1,Male,Rural,1
35,82857.1163264591,346.01684085264816,42,2,5,0,1,Female,Suburban,1
43,49509.79876973209,480.9127577340945,8,1,3,1,1,Male,Rural,1
26,52621.06894817273,313.73738921369846,46,2,4,1,1,Male,Urban,1
56,51872.58212903782,123.27698950522554,50,4,1,1,1,Male,Rural,1
34,53687.22503289922,455.25815534057483,9,3,1,1,1,Female,Suburban,1
21,86983.83111095626,268.148114647445,59,3,3,0,1,Female,Suburban,1
56,77575.92587220606,367.880484038943,19,4,2,0,0,Male,Urban,1
64,99198.87908024143,229.3556800128673,64,3,3,0,1,Male,Suburban,1
18,110352.8840779851,550.2022394327166,42,1,1,0,1,Female,Urban,1
40,44385.6593613532,197.28092461435244,27,2,3,1,0,Female,Rural,1
61,66408.38254654578,272.7598344251355,9,2,4,1,1,Male,Urban,1
54,41475.99366713134,335.0428183776243,7,2,4,1,1,Male,Suburban,1
62,49447.881445034654,167.09447420782587,54,1,2,1,1,Female,Urban,1
39,52398.34979488661,366.2727340022633,30,1,2,1,1,Male,Suburban,1
37,43856.902517234514,545.6674668454486,61,2,3,1,1,Male,Suburban,1
54,43962.254542031726,251.33529750288054,21,4,3,1,1,Female,Urban,1
25,62114.3124295949,375.31999466444154,66,3,4,0,1,Male,Rural,1
30,40665.63163227186,40.0,68,4,2,1,0,Male,Rural,0
49,81842.53918275266,314.5499119321223,12,1,4,1,1,Female,Suburban,1
52,46644.929251649715,276.17407997033126,48,2,5,1,1,Male,Urban,1
24,121191.37940192784,205.41033566254612,68,3,2,0,1,Male,Rural,1
44,55972.31098071209,471.4030657479945,27,2,5,0,0,Female,Rural,1
36,66440.35283834104,274.32588457266405,10,2,2,1,1,Male,Suburban,1
44,39093.17631067929,295.15315180689777,63,2,2,1,1,Female,Suburban,1
67,99121.83516255279,267.19299752953003,37,1,4,0,1,Female,Urban,1
21,87390.01361605832,51.64577795288926,7,4,4,0,0,Female,Suburban,1
69,70938.31741472225,161.52189838922544,61,4,3,0,1,Female,Urban,1
41,38063.94902440869,454.5530880568303,50,1,2,1,1,Male,Suburban,1
58,69213.3375544924,40.0,10,2,1,0,1,Female,Rural,1
40,42571.3790796549,212.7158510538012,23,3,5,0,1,Male,Suburban,1
34,94247.10526946721,264.0391921194331,7,4,5,1,1,Male,Suburban,1
58,81183.89463706345,564.1070614208192,69,4,5,0,1,Male,Rural,1
53,66908.78076975473,427.6045271694917,7,2,3,1,1,Female,Rural,1
25,16272.48673505355,241.99612621256608,58,3,5,0,0,Female,Urban,0
54,45331.68042681939,502.6319175961771,39,4,3,1,0,Female,Urban,1
57,78755.22263199744,216.32778512984325,44,4,1,1,1,Female,Urban,1
38,89257.67383446312,461.2739725227608,59,2,1,0,1,Male,Rural,1
66,87183.39622984263,129.7571855707778,65,4,2,0,1,Female,Suburban,1
51,33159.739955170895,470.256096450482,14,2,2,1,1,Female,Rural,1
35,71031.04613625808,263.141289634062,7,1,5,0,1,Male,Suburban,1
18,85310.3043296586,176.00940626822225,14,4,2,1,1,Male,Rural,1
53,31833.288688355096,289.59989416931603,51,4,4,1,0,Male,Rural,0
28,64841.90969253527,358.82818516083006,43,2,2,0,1,Female,Urban,1
57,70476.84796616912,250.73521972640032,11,2,4,1,0,Male,Rural,1
45,58984.7083030653,397.55349083934533,21,2,3,1,1,Female,Rural,1
42,27956.762891975966,238.38085628703055,41,1,1,0,1,Female,Urban,1
26,58486.03779852542,406.8521351503901,54,4,3,1,1,Male,Suburban,1
54,58453.89139489952,381.91108868512396,28,1,1,1,1,Male,Rural,1
26,62038.551909044916,311.4707723408891,68,3,5,1,1,Male,Rural,1
39,53730.57149149861,258.206476268767,71,1,4,0,1,Male,Suburban,1
61,56139.756935170655,341.2157114071373,56,3,5,1,1,Male,Suburban,1
65,64205.87435306044,397.0355240247179,35,4,5,1,1,Female,Urban,1
69,73849.09209939423,608.6518813824252,63,3,2,0,1,Male,Suburban,1
67,58911.46474286666,451.5188590517453,54,3,4,1,1,Female,Suburban,1
46,56807.02143263996,456.6385929742178,40,4,1,1,1,Female,Suburban,1
28,66847.08076508917,752.3917072804397,35,4,5,0,0,Female,Urban,1
61,26581.68148209637,392.23418674749814,60,4,4,0,1,Female,Rural,1
59,74540.70254452917,387.85009158363835,42,1,4,1,1,Male,Suburban,1
69,64988.738057540824,418.5621104050316,18,3,5,0,1,Female,Urban,1
51,65793.87053195124,178.74476313764455,71,4,5,0,1,Female,Suburban,1
25,84214.68615188928,257.8537709013741,10,2,5,1,1,Male,Suburban,1
44,25943.689399035036,249.13630266307325,51,3,1,0,1,Male,Urban,1
41,25523.32260282073,410.66595681073863,49,1,1,0,1,Female,Suburban,1
61,70476.07690647039,295.6155612890322,44,4,5,0,1,Female,Rural,1
38,64857.662897429684,339.3512795664024,9,3,2,0,1,Male,Rural,1
35,68403.53886383865,472.243646820785,38,3,3,0,0,Female,Urban,1
22,55757.45849655109,440.84110341857945,64,4,1,0,0,Male,Suburban,1
61,78287.07348479863,297.3590595742254,21,1,4,0,1,Female,Suburban,1
57,83652.77685982239,226.20068643704886,51,2,5,0,1,Female,Rural,1
20,74679.64587903055,478.9384624314464,62,4,5,0,1,Male,Rural,1
40,59783.430831908336,428.3447653273812,68,1,3,0,1,Female,Suburban,1
42,22846.21224771194,95.12404543864648,40,4,4,0,1,Male,Urban,0
42,80384.72416074257,276.1584485528407,26,2,3,1,1,Female,Suburban,1
65,89434.57332435186,343.17216468234676,52,3,3,1,1,Female,Urban,1
25,77891.1682396796,429.0361603969444,38,3,3,0,1,Female,Rural,1
33,47407.151452649865,447.414209291568,47,3,5,1,1,Male,Rural,1
27,78475.88787335515,359.74684016456627,54,4,2,0,0,Male,Rural,1
30,82210.5941592289,401.93465439023987,52,2,3,0,0,Female,Suburban,1
65,96176.32495598172,328.9791523329415,22,1,4,0,1,Female,Rural,1
66,47477.80151544085,225.6607636547215,55,2,3,1,1,Male,Suburban,1
20,60470.90830911723,283.42298525422444,41,3,1,0,1,Female,Suburban,1
50,79945.4410228691,322.6587661296152,67,4,2,1,1,Female,Rural,1
30,66148.20142876316,315.1449049973974,49,4,4,1,1,Female,Urban,1
28,42653.4479589745,56.01979337791414,64,2,4,1,0,Male,Rural,0
33,73292.32570053406,264.3523331098796,70,4,4,1,1,Male,Rural,1
28,76573.23267630333,327.86879143248126,71,1,5,1,1,Male,Suburban,1
43,66759.25792662003,280.6082011332019,55,1,4,0,0,Male,Urban,1
69,69391.69854359888,285.444668628378,45,1,3,0,1,Male,Rural,1
48,59825.88196628539,388.3187919126422,13,4,2,1,1,Male,Urban,1
55,94565.5787143212,168.94599381319125,31,1,2,1,0,Male,Rural,1
43,46986.15632574647,92.07409004683043,37,3,5,1,0,Male,Rural,0
18,53253.58474472442,271.25622928286555,57,4,3,0,1,Female,Suburban,1
22,65219.71027055051,426.97601677025057,44,4,4,0,0,Male,Suburban,1
31,82579.08055401786,556.2574255281294,34,4,1,1,1,Male,Urban,1
30,35052.53659810926,429.4979534732636,15,1,1,1,1,Female,Suburban,1
61,38794.06500469122,114.44307361836138,53,2,2,1,1,Female,Urban,1
61,24245.429845305647,287.468586487252,34,3,1,0,0,Female,Rural,0
62,65653.90450506541,355.92881335141414,8,3,4,1,0,Male,Suburban,1
51,42633.883655869126,344.86275636930293,24,3,4,1,1,Male,Urban,1
46,57308.997799641664,395.5026374120024,64,3,3,1,1,Female,Rural,1
51,78227.56379783415,191.6131474954935,13,2,2,1,0,Female,Urban,1
39,52169.14558434307,329.09203225710394,32,1,3,1,1,Male,Suburban,1
52,69625.64045486729,378.84519616865805,39,2,1,1,1,Female,Urban,1
59,59013.24184496556,435.5939334625123,11,2,3,0,0,Female,Urban,1
57,78442.28630192873,207.1994566742091,16,3,1,1,1,Female,Urban,1
49,74502.56134696018,271.6780385859943,68,4,1,1,1,Female,Urban,1
21,51161.3260765078,40.0,44,3,1,0,1,Female,Rural,1
55,61626.964931990944,232.9953245391116,19,3,1,1,1,Male,Rural,1
37,85874.86795440988,246.58191498405398,17,1,3,0,0,Female,Rural,1
56,72867.53740508194,177.25816885655797,34,3,3,0,1,Female,Rural,1
46,37060.758844977376,343.1857010325712,53,2,4,1,1,Male,Suburban,1
63,78112.36122342765,312.16763951366244,54,1,3,0,1,Male,Suburban,1
35,43307.787551275236,40.0,18,1,1,0,1,Male,Urban,0
66,93250.26139922012,350.1711157022459,53,4,1,0,1,Male,Rural,1
61,85481.9767968205,190.03462168953615,65,4,4,1,1,Female,Suburban,1
35,70797.70951836802,387.99645428667213,20,3,5,1,1,Male,Suburban,1
43,68144.65686872386,140.54082531798684,7,4,2,1,1,Female,Urban,1
45,60819.3548794516,324.2009153943316,69,1,2,0,1,Female,Suburban,1
57,78570.47902800055,280.3571339558892,40,2,2,0,1,Female,Rural,1
53,57584.43661075877,362.43426389304625,57,4,2,1,1,Female,Suburban,1
62,69711.39741279787,337.4576188711886,27,1,2,1,1,Female,Suburban,1
37,82438.68733038902,284.2770154969964,25,3,3,1,1,Female,Rural,1
44,53763.86912948821,104.92187603380575,20,1,4,1,1,Male,Urban,0
40,52676.14520018611,113.19088511545559,20,2,4,0,1,Female,Rural,1
65,41112.690385510825,238.25582852708934,37,2,5,1,1,Male,Rural,0
33,43710.545077476556,318.8408162498578,12,2,2,0,1,Male,Suburban,1
48,28432.09377116995,234.84528739212362,61,4,3,0,0,Female,Rural,1
24,79596.5757803106,407.52967028112516,39,4,2,0,1,Male,Urban,1
62,101178.29084165541,280.9090713103643,66,3,1,0,1,Male,Urban,1
37,93506.5788694061,184.89821853086855,39,3,2,1,1,Female,Urban,1
35,32478.310227469672,281.0665189816927,26,1,2,0,1,Female,Suburban,1
48,79497.093431124,351.62037708431734,39,1,3,0,1,Female,Rural,1
43,93442.12699847113,365.48386063544183,16,1,1,1,1,Female,Suburban,1
62,55863.80038522672,582.9730784790381,60,4,4,1,1,Female,Rural,1
45,67028.94861300099,226.3526923995213,53,1,5,1,0,Female,Urban,1
44,24842.13898390659,309.71298737734395,15,2,5,1,1,Female,Rural,0
23,70334.72335953283,379.6573525547197,44,4,1,1,0,Male,Urban,1
19,43728.80541130565,316.72078571188587,41,3,1,1,0,Female,Suburban,1
38,68992.70035823029,249.91345956158855,19,3,5,0,1,Female,Rural,1
69,33775.94155622239,103.1039953118059,14,1,5,1,0,Male,Rural,0
65,75857.16448955191,248.48316173257783,56,3,3,1,0,Male,Rural,1
50,85490.25350853379,169.68166221950787,23,3,2,1,1,Female,Suburban,1
50,49336.40276569665,78.27506464267103,40,2,3,1,1,Female,Suburban,0
38,42261.548371791316,208.6049621661179,22,3,3,0,1,Female,Suburban,1
27,21879.539149000375,173.40715909269636,49,4,5,1,1,Male,Suburban,0
18,59671.72931849646,401.7301163410127,9,2,3,1,1,Female,Rural,1
35,53368.1213143679,404.1528572380011,29,2,1,1,1,Female,Suburban,1
34,33979.6117530389,193.45689945867753,42,2,4,1,1,Female,Suburban,0
27,74060.37512624344,283.567991721163,34,4,4,0,0,Male,Suburban,1
31,56000.592362707015,59.84602730424507,46,1,2,0,1,Female,Urban,1
19,43485.280827095354,250.79240697442282,17,4,1,1,1,Male,Urban,1
49,53908.55188719106,375.85746609832836,35,4,1,0,1,Male,Suburban,1
66,86426.0907785923,435.4913045459744,55,2,5,1,0,Female,Suburban,1
53,77058.73887510445,220.17340856321607,28,3,3,0,1,Male,Suburban,1
41,62399.478770030204,467.25968047385277,16,4,3,0,1,Male,Rural,1
39,77382.10036929706,107.80313098811396,61,4,5,1,1,Male,Rural,1
33,41781.76087226522,145.33210811986905,57,2,1,0,1,Male,Rural,0
25,65647.40201454061,419.3526611893027,50,1,2,0,0,Male,Suburban,1
49,67946.4466097294,553.9569719988547,58,3,5,1,1,Female,Rural,1
47,55603.26983002546,389.0804783457173,57,1,3,0,1,Female,Rural,1
18,73709.16671914836,314.35206588523823,55,1,1,0,1,Female,Urban,1
39,49391.330907110976,40.0,39,4,4,1,0,Male,Suburban,1
32,75196.41415552236,40.0,7,2,1,0,0,Male,Suburban,1
26,76037.17543062584,338.11733516542165,45,3,4,0,1,Female,Rural,1
54,15000.0,269.87122626003554,24,1,4,1,0,Female,Suburban,0
45,88806.11407020235,165.1830744987035,57,1,5,1,1,Male,Urban,1
50,15000.0,329.1745613162071,36,1,3,0,0,Female,Urban,0
55,52679.01948887749,336.1183914510933,65,2,2,0,0,Male,Urban,1
69,85506.96068515509,452.21822159563817,45,1,5,1,1,Female,Urban,1
59,58654.265494951185,339.1243196217781,42,2,3,1,1,Male,Urban,1
50,35676.28035060916,491.97521156681387,66,2,4,1,1,Male,Rural,1
63,43125.258765666586,321.1191641368339,37,3,1,0,1,Male,Suburban,1
42,85538.1149264124,303.85310072697297,30,3,4,0,1,Male,Rural,1
69,26569.909389027234,469.00370607460553,30,2,3,1,1,Female,Rural,1
57,87579.82201924035,183.01827679419918,63,2,2,0,1,Female,Suburban,1
51,63897.95801915421,714.0226434572626,55,1,4,0,1,Female,Suburban,1
64,41152.09339115133,372.536046943343,16,2,1,1,1,Male,Urban,1
44,53337.698553946175,373.31609539727424,38,4,4,1,1,Female,Rural,1
55,44655.51317796718,393.51343635616365,30,4,5,0,1,Male,Suburban,1
32,82324.50401717058,582.7991065464299,48,2,3,1,1,Male,Rural,1
68,79648.55619525677,430.95103763416495,9,4,1,1,0,Female,Urban,1
50,30616.777322479065,95.29216293945069,53,3,3,0,0,Female,Urban,0
58,56928.15762961332,516.4858538674506,55,1,3,0,1,Male,Urban,1
41,47736.28675311446,272.27447887769756,20,4,3,1,1,Male,Rural,1
63,90870.19936918741,335.0017101975053,15,2,2,0,1,Female,Suburban,1
21,37998.01763747158,140.9044438954627,47,3,4,0,0,Female,Urban,0
23,97084.58209370027,393.66828253734536,22,3,2,1,1,Male,Urban,1
44,64334.10520966125,228.8075993905427,68,2,3,1,0,Female,Suburban,1
56,41761.31187239825,334.02374931908633,57,3,3,0,1,Female,Rural,1
60,51454.516319814444,280.22613924949036,69,3,4,0,1,Male,Rural,1
40,48967.62318463099,589.5017922430193,41,2,4,1,1,Female,Suburban,1
51,39507.63195968988,597.5164420203826,67,2,5,0,0,Female,Rural,1
46,66896.53719460752,326.5118438300638,6,3,4,0,0,Female,Urban,1
67,40441.688986163135,328.9568795916397,25,1,4,0,1,Male,Rural,1
52,21392.675825236227,267.7179847110679,6,1,5,0,1,Female,Urban,0
39,57406.47058303654,474.8408808103901,50,4,2,1,1,Female,Suburban,1
68,28942.87607164235,273.9512181533272,39,2,2,1,0,Female,Rural,0
23,49956.782638649594,261.0127815496021,24,3,3,1,1,Female,Rural,1
69,46817.94222793289,457.00300091309504,26,3,3,0,0,Male,Urban,1
26,47575.67855948371,244.63812665566908,48,4,4,0,1,Male,Suburban,1
32,105019.26203180308,314.7142951772057,17,3,1,0,1,Female,Urban,1
60,66128.23134339141,98.616490588461,39,3,1,1,1,Female,Urban,1
56,69907.42017990665,418.5866483172434,46,4,4,0,1,Female,Suburban,1
68,29472.034073154107,591.7213714854616,21,4,5,1,0,Female,Suburban,1
56,51920.73732726156,420.9715521919709,21,1,2,1,0,Female,Urban,1
51,69306.05259883024,524.6518834566227,29,3,2,1,0,Male,Rural,1
36,44509.421741739876,201.54570093517367,45,1,3,0,1,Male,Suburban,1
18,83161.2568703597,353.0853994839481,22,4,3,1,0,Female,Suburban,1
24,40946.0682819794,187.95761058828546,31,1,1,0,1,Male,Suburban,1
33,59272.67728269649,288.112823618612,41,1,3,0,1,Male,Suburban,1
20,53278.96720048883,428.1096068293507,18,1,5,0,1,Female,Urban,1
44,68286.41318763832,334.2548858344618,43,3,4,1,1,Male,Suburban,1
58,52190.198562891484,122.23025683582898,15,1,5,0,1,Female,Rural,1
68,59582.12745858125,135.89592522471452,15,1,4,0,1,Male,Suburban,1
43,60277.39816444029,126.63704959129169,21,3,5,1,1,Male,Suburban,1
63,50312.24485217398,388.8033625915426,24,4,2,0,1,Male,Rural,1
69,74701.87736994226,608.9452349919336,7,3,1,0,1,Male,Suburban,1
62,69767.7674967485,510.7441541600298,69,2,1,1,1,Female,Urban,1
42,63227.721094936656,54.562072119550976,26,3,5,1,0,Female,Urban,1
34,56390.83333076084,518.9506313297697,59,3,4,1,1,Male,Rural,1
68,80930.88061039994,451.0960583820506,65,2,2,1,1,Male,Suburban,1
30,60283.31512371637,103.65800762597391,58,3,5,0,0,Female,Suburban,1
39,58866.05424348125,277.55177366053033,60,1,2,1,0,Female,Urban,1
21,67093.80059776251,473.37313760941333,12,1,3,1,0,Female,Urban,1
59,98931.73365941702,397.0606915308699,30,3,2,1,0,Male,Suburban,1
51,38192.87583957592,136.726692665682,55,2,1,1,0,Female,Rural,1
22,80397.1378611071,405.5039018114672,44,1,2,1,1,Male,Urban,1
29,27136.576775237896,40.0,6,1,2,0,0,Female,Suburban,0
46,69345.46316457247,288.8048953939904,43,4,3,1,0,Male,Rural,1
46,96501.65655217462,479.31394771600685,59,2,1,1,1,Male,Urban,1
59,74773.37048934614,322.57519017998476,60,1,2,0,0,Female,Urban,1
31,68412.50157079585,250.14874300532756,31,3,3,0,0,Female,Urban,1
66,53791.01062393849,444.5084755281289,21,3,2,1,0,Female,Rural,1
41,65620.94400977109,456.46525411212144,26,2,4,1,0,Male,Suburban,1
60,59958.743691932876,503.40555700137304,25,4,4,1,1,Male,Rural,1
30,49280.46784137289,442.4079399824942,28,2,5,1,1,Male,Rural,1
19,59202.4876905026,471.39247115120054,25,3,5,1,1,Male,Suburban,1
20,68967.6232125288,422.60719804125483,36,3,2,0,0,Male,Urban,1
37,49655.658629387195,357.17401087630606,8,3,4,0,0,Male,Urban,1
67,48874.36358630632,332.531259966934,24,1,4,1,0,Male,Suburban,1
20,37795.13124815651,286.7836393263637,26,3,3,0,0,Male,Suburban,1
37,72814.50052177793,150.2684389716384,16,3,4,1,0,Male,Urban,1
23,75906.46523934121,186.25638876522677,63,1,1,1,1,Female,Rural,1
66,69633.20888473035,280.5179725290707,50,1,2,1,0,Female,Urban,1
53,84303.40985457331,353.8033023443401,66,3,5,1,1,Male,Suburban,1
57,66757.35274161455,521.7137637205968,43,1,5,0,1,Female,Rural,1
55,72840.21874731513,314.14838809742827,13,4,1,1,1,Female,Suburban,1
52,71076.74851275126,460.48668072287296,65,1,3,0,1,Male,Rural,1
58,63169.19961163584,471.10419190049686,36,4,2,1,1,Male,Urban,1
18,54383.56343740705,287.59744832356927,51,3,1,0,1,Female,Rural,1
63,109283.05231583823,403.25662959182574,31,2,1,0,1,Male,Rural,1
56,55960.98040292983,285.9060741585194,38,2,3,1,0,Male,Rural,1
56,51682.445777591274,505.09902517098675,38,2,4,1,1,Male,Urban,1
38,73680.19646900214,409.0180673572305,24,3,3,0,1,Male,Urban,1
59,70037.0883059001,153.33227434363025,42,4,2,1,1,Male,Urban,1
37,36904.169047793446,342.61345130153853,54,1,4,1,1,Male,Rural,0
20,87453.56509127477,550.7357026553432,7,3,4,0,1,Male,Urban,1
65,63116.10849298333,294.62765516346184,14,4,5,1,1,Male,Suburban,1
30,42781.37809568559,382.68010421330956,61,2,2,1,0,Male,Suburban,1
23,88775.68228707748,396.4230372834803,43,3,2,1,1,Female,Rural,1
50,77513.51143192308,174.87279411695593,70,1,3,1,0,Male,Rural,1
30,39709.16016104171,391.49911288989193,45,4,3,1,1,Male,Urban,1
62,100543.65680515449,124.8630787151524,49,1,3,1,0,Female,Rural,1
41,78175.94736732385,232.41262510380454,65,2,5,1,0,Male,Urban,1
18,64796.07768749908,470.60121544918684,49,2,1,1,1,Male,Urban,1
67,96804.3761124356,369.94588064317014,27,2,3,1,1,Female,Urban,1
44,68185.95567659281,277.37310691548623,40,1,3,0,1,Male,Suburban,1
31,64438.33849791936,382.5045429743262,21,3,2,0,1,Male,Suburban,1
53,51793.99767956022,311.5870853142816,28,1,4,1,1,Male,Rural,1
45,76637.00878614157,321.76099032925663,50,4,5,1,1,Male,Rural,1
19,74532.0593464796,411.9545937408193,15,1,3,0,0,Female,Suburban,1
57,65293.60279779423,218.16851630772152,50,2,1,1,0,Female,Suburban,1
38,49200.27292264794,325.6470967776567,44,4,1,1,1,Female,Urban,1
54,67598.59708332148,276.2824527550686,26,1,3,0,1,Female,Rural,1
64,63604.024284757244,98.01552755596421,8,1,4,1,1,Female,Suburban,0
49,38330.51362531598,191.13619412509803,52,3,2,0,1,Male,Rural,0
52,35563.75297351628,539.5489025889365,60,1,2,0,0,Female,Suburban,1
31,76303.06757619539,373.86126404193277,54,4,5,0,1,Female,Rural,1
30,15000.0,134.69763780380552,33,2,1,1,1,Female,Rural,0
39,69108.2105392252,104.3503873812225,49,4,1,1,1,Female,Rural,1
62,55438.338844923506,304.29705398451824,33,1,1,1,1,Male,Suburban,1
45,91164.9321375982,538.5661146447076,29,1,5,0,1,Male,Urban,1
36,55130.635816922484,293.85386112739064,27,4,3,0,1,Female,Urban,1
58,78189.68428503792,502.9799374765622,19,4,1,0,1,Male,Suburban,1
62,57061.723175244166,369.27030791461203,69,4,2,1,1,Female,Rural,1
64,67274.96306972287,385.9750640984251,49,2,5,0,0,Female,Rural,1
33,79736.73061840102,132.99912869736028,17,2,4,1,1,Male,Urban,1
54,55748.8856735084,451.25320904496607,63,3,2,0,0,Female,Suburban,1
48,84931.09768996808,273.109514781695,15,2,2,1,1,Male,Rural,1
41,45126.04245787034,440.83294350552717,45,1,1,1,1,Male,Urban,1
38,70891.85685116758,206.0162025219442,16,2,4,1,0,Male,Suburban,1
23,83452.79445575706,344.78690865138776,29,3,1,0,1,Female,Rural,1
32,78200.7498358067,369.2804135512684,49,1,2,1,1,Male,Urban,1
46,103328.8975347082,298.4353356793787,71,2,2,1,1,Female,Urban,1
64,49731.21365378679,376.63632703206196,71,2,4,1,0,Female,Suburban,1
63,37417.01497302824,282.70440947304877,65,1,4,1,0,Male,Rural,0
27,45113.29783009761,229.13163457422087,21,1,4,0,1,Male,Urban,1
53,78208.85133096874,544.767673591155,12,2,2,1,1,Male,Rural,1
22,74958.45868538757,466.85340129060194,65,1,2,1,1,Female,Urban,1
53,67045.13319294831,213.47893569325527,66,2,2,0,1,Female,Suburban,1
35,42540.8590178574,399.5822027832458,24,3,1,1,1,Female,Suburban,1
41,80337.34586658122,216.02496034183858,7,4,4,1,1,Male,Urban,1
55,40505.904446989196,154.1441498872746,48,1,3,1,0,Male,Rural,0
40,88178.991647538,464.7333217958567,11,2,3,1,1,Male,Rural,1
59,122148.7684627973,81.4260524093632,8,1,5,1,0,Male,Rural,1
45,72329.02293143101,449.7598279007158,67,2,1,1,1,Male,Urban,1
69,76662.16271315486,284.6188762397718,38,2,5,1,0,Female,Suburban,1
51,55142.80462208881,290.383475568726,13,4,4,0,1,Female,Rural,1
33,28795.733578263673,377.36517074726055,49,2,2,0,1,Female,Urban,1
58,52945.612739395554,401.3678336791953,30,4,4,0,1,Male,Suburban,1
39,43142.09517802502,204.31195524395287,41,1,4,1,1,Male,Suburban,1
45,36059.90847169969,420.48158522500887,65,1,2,1,1,Male,Suburban,1
25,99447.19883991298,335.8718753235313,21,1,2,0,1,Male,Suburban,1
24,70457.25036051546,144.15232899847467,48,2,5,0,1,Male,Rural,1
47,72593.75161227968,296.2175722988365,60,1,1,1,1,Female,Urban,1
27,58819.55269607501,513.3790621782496,33,1,1,1,0,Female,Rural,1
69,61542.57835113128,554.7232717543975,70,1,4,1,0,Female,Rural,1
62,84291.01364478667,420.4287840652148,35,4,5,1,1,Female,Urban,1
54,64353.25762609569,153.35191165642817,36,4,3,1,0,Male,Rural,1
56,75613.87876049466,388.6849663438244,64,1,1,1,1,Male,Urban,1
48,61079.914043099685,439.12052654028696,47,4,3,0,1,Male,Urban,1
21,58156.942185359054,421.5991176646211,63,1,2,0,0,Female,Suburban,1
38,36861.71668796276,429.8936004163086,58,2,5,0,1,Female,Rural,1
43,25445.018752657437,370.8568310946543,53,2,4,1,1,Male,Rural,0
65,59768.761978671966,309.8622725637239,21,2,2,0,1,Male,Suburban,1
29,66129.93383986465,234.82855057343744,32,4,4,0,1,Male,Rural,1
43,39277.39926582418,54.28902740979049,63,3,4,1,1,Male,Urban,0
35,64310.50269930734,367.54984733986913,46,3,4,0,1,Female,Rural,1
24,66075.05125981005,346.0473981113064,24,3,2,0,1,Female,Suburban,1
23,21879.839878812418,398.0606179954743,27,3,3,0,1,Female,Urban,0
36,46697.50681040998,132.74388293899483,57,1,1,1,1,Male,Urban,1
22,73145.27787470937,410.30233650410844,17,2,3,0,1,Male,Urban,1
21,72741.17458791488,607.6363132469088,13,1,2,1,0,Male,Urban,1
36,41926.501672004786,330.98301830890756,56,3,3,1,0,Male,Urban,1
28,68168.9610099947,311.3668553110843,25,2,5,1,1,Female,Rural,1
46,85448.14450720945,363.2603298519981,56,3,5,1,0,Male,Urban,1
18,80541.45917981796,604.5271834594473,41,3,3,1,1,Female,Suburban,1
33,63094.28425972131,176.68931336201527,71,2,4,1,1,Male,Rural,1
41,55640.473733514154,348.4489706751467,40,1,1,0,1,Female,Urban,1
68,52413.11031330991,208.04796087832983,63,4,3,1,1,Male,Rural,1
50,74356.39565819314,243.41933908170068,62,2,4,0,0,Male,Suburban,1
63,68902.07946285776,313.0573568965285,19,1,4,1,0,Male,Urban,1
35,77588.080122044,508.6252538258982,71,2,5,0,1,Female,Rural,1
41,67637.47626242304,572.1386840964232,55,4,3,0,1,Female,Suburban,1
39,81375.27900694884,382.7399002477389,13,2,5,0,1,Female,Suburban,1
64,66891.850659154,267.2767387767121,6,4,5,0,1,Female,Rural,1
67,80693.77432263373,668.9834413293926,23,2,3,0,1,Female,Rural,1
68,82416.45540733277,260.14237261386717,7,4,1,1,0,Male,Rural,1
57,48909.46739550373,240.04097198963677,29,3,2,1,0,Female,Rural,1
44,28837.11906258508,71.50797375897824,71,1,4,1,0,Male,Urban,0
46,95869.85712029107,515.4528196942641,37,3,3,1,1,Female,Suburban,1
68,70133.17461424523,455.5543829319812,7,2,5,1,1,Female,Urban,1
32,30710.28209007757,658.4927750563024,38,1,5,1,1,Female,Rural,1
36,50723.61005562578,125.4667306894624,20,3,1,0,0,Male,Rural,1
64,80437.48584739657,524.1439130470753,62,1,5,0,1,Female,Suburban,1
38,59406.46337734214,329.81897257125786,11,3,2,0,1,Female,Suburban,1
30,54758.77161361746,432.8540303520191,56,4,5,0,1,Male,Rural,1
47,93017.63720625933,89.31120024537407,35,1,3,1,0,Male,Urban,1
34,44054.25707232379,525.5314551731416,7,2,3,1,0,Female,Suburban,1
64,49036.93284490332,430.11234518645625,50,3,1,0,1,Female,Rural,1
65,69227.72950096535,314.55259512992956,36,1,1,0,1,Female,Urban,1
33,72809.09864107764,410.315776272557,56,2,3,1,0,Male,Rural,1
45,74926.86068681463,212.83065785408513,46,2,3,1,1,Male,Urban,1
69,83224.76089137894,238.87838801856208,57,1,3,1,1,Female,Rural,1
56,68971.57241363033,255.11775409244453,36,4,1,1,1,Male,Suburban,1
29,74787.67877876818,60.61809936336107,6,2,3,1,1,Female,Rural,1
48,59815.81481369834,440.6461891884714,14,4,1,1,1,Female,Rural,1
50,66253.96606473428,486.82310598555927,36,3,1,0,0,Female,Suburban,1
51,67150.68360107268,221.8118190330622,32,4,3,0,1,Male,Rural,1
19,69301.96271638072,368.7484222322746,58,4,4,1,1,Female,Suburban,1
33,80450.79615165522,282.82433355190693,33,3,4,0,1,Female,Suburban,1
62,76102.91363889663,365.95835469134425,62,2,5,0,1,Male,Rural,1
30,65884.34005800367,232.1391862304559,18,2,5,1,1,Female,Urban,1
33,48817.4803011792,196.32047814773097,31,4,2,0,1,Female,Suburban,1
34,66353.42516125418,467.29048404332394,55,2,4,1,1,Male,Urban,1
27,64439.64430208512,311.058118082571,14,3,1,0,1,Female,Suburban,1
26,68863.63159626396,603.0952531194866,27,1,5,1,1,Male,Rural,1
36,109130.50614280804,326.4833950711796,55,4,2,0,1,Female,Urban,1
63,54524.544429175294,190.3490743509311,44,3,4,0,1,Female,Suburban,1
18,73445.78038250719,491.7717227010314,57,2,5,1,1,Male,Suburban,1
32,86369.24134488596,408.31202298044275,40,3,4,1,1,Male,Rural,1
21,66960.03828198765,421.7622009174993,62,2,5,1,1,Male,Urban,1
47,111756.9023834433,486.6840950415086,63,1,1,0,0,Female,Urban,1
31,57439.21416537047,228.60851886158878,70,4,1,0,1,Female,Urban,1
59,71481.78444640094,302.1845367420597,14,4,4,1,0,Male,Suburban,1
48,49023.88510214036,295.99702359170897,45,4,3,0,1,Female,Suburban,1
58,57969.505297134136,139.29548483181344,13,2,1,1,0,Male,Rural,1
51,69978.67820793316,283.0973789778459,21,2,4,1,1,Male,Suburban,1
40,81926.08124615459,507.0931241027554,25,1,1,1,1,Female,Urban,1
62,71381.89668047149,353.2273345311386,48,3,5,1,1,Female,Rural,1
42,90182.29698669472,131.5514141017017,34,2,1,1,1,Male,Urban,1
67,63100.693788146564,102.18248236690911,63,4,3,1,0,Female,Suburban,1
69,58356.62940321989,553.068648224758,25,4,5,1,1,Female,Suburban,1
48,119079.70214558774,307.3553385642818,46,1,3,0,1,Male,Urban,1
53,72884.75298884061,229.36257120177356,56,4,4,1,1,Female,Suburban,1
31,50610.369080429045,281.64115291441954,70,1,4,0,1,Male,Suburban,1
60,51114.724755038624,113.1769143955735,22,2,5,0,1,Male,Rural,1
52,46146.40170937319,519.2333209316267,54,2,3,0,0,Female,Urban,1
64,83731.38711713576,264.97258873795585,11,4,5,1,1,Male,Rural,1
31,57712.45414213516,511.4362138833791,41,3,3,0,0,Female,Suburban,1
58,67547.24951312972,327.2312400226241,33,4,5,1,1,Female,Rural,1
42,63729.82651123463,520.1344764395816,69,3,4,1,0,Male,Urban,1
27,79629.8481588187,355.93722986603194,57,4,1,1,1,Female,Urban,1
26,48065.118142319596,439.4525728016706,67,4,4,1,1,Male,Rural,1
47,43488.55427713969,420.67302645236714,62,4,5,0,0,Female,Suburban,1
34,69485.94614363188,407.2607492752759,33,2,1,0,1,Male,Urban,1
23,77019.18569399795,368.7108268055795,54,2,5,0,1,Female,Rural,1
40,71650.64626195282,287.4008997438181,8,4,1,1,1,Male,Urban,1
51,48810.92541805345,588.1608568202005,42,4,5,0,1,Male,Suburban,1
34,78549.69684182787,193.02882208657388,9,4,4,0,0,Male,Rural,1
67,50122.78145808732,320.6030699280424,53,3,1,1,0,Male,Rural,1
58,54569.22710427233,322.08402252906336,69,4,4,1,1,Male,Rural,1
44,46120.92950555995,376.341705468093,50,3,1,0,0,Female,Suburban,1
66,91023.16697304061,259.87382957476984,61,3,3,1,1,Female,Urban,1
40,77668.43082054699,364.0644827825423,21,1,5,1,0,Female,Urban,1
25,77099.86751357747,296.3620380715847,71,3,2,0,1,Male,Rural,1
19,89944.228422849,98.52664755869412,42,3,1,1,1,Female,Suburban,1
66,121252.98496477446,321.33732007595853,50,4,3,1,1,Male,Urban,1
67,30815.47792179689,165.92085337577876,56,4,2,1,1,Male,Rural,1
56,50232.46838245784,77.18599325715385,48,2,1,0,1,Female,Rural,1
23,52676.498316509525,339.1622648965139,26,2,3,0,1,Female,Urban,1
33,47983.60755234615,388.3036678827393,46,4,2,0,1,Male,Rural,1
20,43448.33504792575,393.7377258946407,49,4,1,0,1,Female,Suburban,1
20,59006.938718892685,399.4038989827572,62,1,2,0,1,Female,Suburban,1
30,40667.9256942119,49.437537068314555,37,2,1,0,1,Male,Rural,0
47,71700.84735074826,129.45763009295428,39,4,5,1,1,Male,Urban,1
21,66033.9664285723,596.2930011539139,39,1,5,1,0,Female,Urban,1
69,74620.5732952731,173.39077358921494,13,4,2,0,1,Male,Rural,1
41,75154.56903276505,405.5177443591365,11,1,5,0,0,Female,Suburban,1
31,77060.13706853353,223.82873296678156,7,1,3,1,0,Male,Urban,1
44,57531.82126352235,331.15418349745903,49,4,5,0,1,Male,Rural,0
59,107422.86805267335,231.34441168169684,33,3,1,0,1,Female,Urban,1
34,69688.62232964195,398.6157616467503,63,3,2,1,1,Male,Rural,1
20,27750.304947504104,339.14837642433787,52,4,4,1,0,Male,Urban,0
20,44952.485084675645,257.2394316898073,15,2,2,1,1,Male,Suburban,1
62,30189.940219443684,172.97590324470056,12,3,5,1,0,Female,Suburban,0
23,65346.692583026146,357.4883876489516,30,3,3,1,0,Female,Rural,1
51,62563.89551893333,150.21936813403738,66,3,3,1,1,Female,Suburban,1
37,55631.486042010845,379.8473458969174,9,2,3,1,0,Male,Rural,1
58,105218.52224801028,687.7078872651659,18,3,4,1,1,Female,Urban,1
21,75979.65748153822,509.02380717668166,7,2,1,0,0,Male,Suburban,1
64,79521.96722892669,420.5687041651828,33,3,4,0,0,Male,Rural,1
54,46378.53024115793,308.0149783162393,71,4,4,1,1,Male,Urban,1
41,45017.10217337975,48.57463221950644,51,2,5,1,1,Female,Rural,0
28,65736.1099819391,134.87990457397422,38,3,5,1,1,Male,Rural,1
68,68460.14279304452,499.5909998543799,15,4,4,1,0,Female,Rural,1
33,27873.76865771086,209.43414878253083,29,4,3,1,1,Male,Urban,0
43,61393.85954300932,222.10470625703346,40,4,3,1,0,Male,Rural,1
38,65281.441657470095,296.808933404237,24,3,2,1,1,Female,Rural,1
29,60697.01668457742,171.31352376148234,52,2,5,0,1,Female,Urban,1
39,48732.19175306647,148.25237716277093,70,4,2,1,0,Male,Suburban,1
25,54209.2963615772,312.93362981060096,19,3,3,0,1,Male,Urban,1
18,61462.81612854408,195.18587634591492,22,1,1,1,1,Male,Suburban,1
33,66816.00047220096,216.25739883095474,14,2,2,1,1,Female,Urban,1
23,77095.83165101137,210.63325633941918,53,2,2,0,1,Male,Suburban,1
39,86617.12409901743,393.13042993682564,36,4,3,1,1,Male,Suburban,1
62,59113.045529455005,287.50240333065,24,1,3,0,1,Male,Suburban,1
26,55876.87607769284,294.99992449486047,20,3,4,0,1,Male,Rural,1
18,73753.11347068612,403.57242562324365,10,3,3,0,1,Male,Rural,1
23,77216.89832821708,300.1144548473884,37,1,1,1,1,Female,Urban,1
44,56315.99133482229,281.0444724159958,51,3,3,1,1,Female,Urban,1
32,80807.86953932344,385.86304977982394,21,4,1,1,1,Male,Urban,1
43,84591.70682311946,413.54769809806834,6,3,5,1,0,Female,Rural,1
19,90833.72931317346,299.4097100687954,37,3,4,1,1,Male,Urban,1
35,100566.41813439646,331.28508858687303,50,2,2,0,1,Female,Urban,1
39,47671.677226811225,210.54936783733407,28,1,2,0,1,Male,Urban,1
40,65277.96418665022,199.50437395696645,22,1,1,1,0,Male,Rural,1
46,65225.5539323732,427.68065027535306,16,2,2,1,0,Male,Suburban,1
58,63038.52862934985,382.29188875624703,55,3,1,0,0,Female,Rural,1
42,52014.741607797274,383.74178137832064,62,1,5,0,0,Female,Urban,1
61,35288.75993537857,359.3196088215731,56,4,1,1,1,Female,Suburban,1
